Data,Quantidade,CanalPrimario,CanalSecundario,Total,Media
2023-12-02,139072624,138976370.0,96254.0,23360889.99,167.98
2024-04-19,163588000,163124269.0,463731.0,79114284.18,483.62
2024-05-24,156097661,155912971.0,184690.0,68660685.32,439.86
2024-02-10,140720681,140509596.0,211085.0,25506025.17,181.25
2022-04-06,59981242,,,32855707.99,547.77
2022-09-26,60547764,,,37641607.8,621.68
2023-07-11,103725918,,,47312155.16,456.13
2025-11-05,244228339,243289408.0,938931.0,132940979.9,544.33
2024-04-22,144029811,143439675.0,590136.0,79577555.99,552.51
2023-03-02,86677983,,,41061577.42,473.73
2021-10-29,41701438,,,27576227.46,661.28
2021-06-29,21071410,,,15594413.47,740.07
2024-08-20,178032621,177284996.0,747625.0,96817473.58,543.82
2021-07-05,27912645,,,21363890.7,765.38
2025-10-29,191598358,191135188.0,463170.0,90194815.0,470.75
2022-12-03,74330249,,,14519723.24,195.34
2024-11-14,188611807,188107822.0,503985.0,99305405.76,526.51
2022-04-15,31693861,,,6613004.9,208.65
2022-10-29,64579164,,,11818903.75,183.01
2022-07-16,53259941,,,9618118.84,180.59
2025-05-12,194779573,194317210.0,462363.0,121527060.09,623.92
2021-10-14,32063466,,,19049310.24,594.11
2024-07-05,224269387,223509629.0,759758.0,119429101.11,532.53
2025-06-17,194312778,190762302.0,3550476.0,94717443.17,487.45
2022-10-01,67789809,,,14278804.53,210.63
2024-04-20,148987502,148839609.0,147893.0,23075322.64,154.88
2024-09-10,188183450,187603569.0,579881.0,96826403.76,514.53
2023-02-25,70959689,,,12298866.58,173.32
2024-07-28,106110793,106056487.0,54306.0,11368778.15,107.14
2021-05-27,19657635,,,11808201.55,600.69
2023-06-22,95573741,,,37688166.73,394.34
2025-01-04,160243695,160122070.0,121625.0,26537575.0,165.61
2023-09-17,76724056,,,8487455.49,110.62
2021-09-11,26166248,,,5884520.85,224.89
2024-03-16,143375351,143287752.0,87599.0,21407060.94,149.31
2024-05-19,106260399,106192148.0,68251.0,12108633.91,113.95
2025-06-16,197408584,196825270.0,583314.0,127668130.86,646.72
2022-01-04,36844863,,,21770484.4,590.87
2024-10-12,147134548,147039268.0,95280.0,19920788.41,135.39
2021-02-19,11148558,,,8879118.26,796.44
2021-06-01,24536828,,,16855306.14,686.94
2021-01-11,7463448,,,7323638.64,981.27
2024-01-14,90310515,90255633.0,54882.0,10488242.22,116.14
2022-03-12,40760084,,,7917391.77,194.24
2022-09-03,61722696,,,12134158.49,196.59
2024-05-18,147944414,147871128.0,73286.0,21750532.91,147.02
2022-08-26,63369473,,,32404087.81,511.35
2024-07-30,148855341,148609737.0,245604.0,78136072.41,524.91
2024-10-13,113887241,113825878.0,61363.0,12831509.75,112.67
2021-11-16,36477711,,,28278443.2,775.23
2023-11-19,84329847,84266229.0,63618.0,9574482.08,113.54
2023-08-13,68113634,,,7628508.15,112.0
2021-06-30,27962473,,,21438088.62,766.67
2022-03-10,53910102,,,31475592.36,583.85
2023-08-16,106154263,,,45425898.44,427.92
2020-12-04,4377506,,,4604368.93,1051.82
2021-08-19,25591957,,,15745027.81,615.23
2022-10-04,71003628,,,37969489.58,534.75
2024-06-28,188119101,183437796.0,4681305.0,108065366.12,574.45
2023-02-26,47330789,,,5965954.78,126.05
2023-11-23,121583283,121466513.0,116770.0,47243803.89,388.57
2022-04-13,50953956,,,26640278.01,522.83
2022-07-22,57271307,,,30098098.48,525.54
2025-11-01,221979839,221477598.0,502241.0,38488259.37,173.39
2025-03-09,149755351,149645620.0,109731.0,20551192.69,137.23
2023-04-30,58955323,,,8276848.95,140.39
2025-05-13,181632863,181378038.0,254825.0,87775167.07,483.26
2022-12-08,86128846,,,38496564.16,446.96
2022-05-14,48561632,,,9292684.96,191.36
2023-04-02,55072667,,,7626609.06,138.48
2021-05-01,12313270,,,3478351.08,282.49
2022-02-06,26739981,,,4678275.42,174.95
2022-07-23,52776706,,,9076824.67,171.99
2021-09-08,36286271,,,22714099.21,625.97
2023-10-20,141697212,,,69940785.6,493.59
2023-03-29,75973665,,,35309968.58,464.77
2025-09-27,197410706,197238968.0,171738.0,28163259.18,142.66
2023-01-12,72390109,,,33565646.53,463.68
2022-10-05,79019449,,,44440457.63,562.4
2022-11-24,68450640,,,27495116.41,401.68
2021-07-17,20218304,,,4361757.79,215.73
2021-06-20,11700057,,,2201469.34,188.16
2021-12-18,38892082,,,8683457.39,223.27
2024-07-04,165061330,164811845.0,249485.0,74170809.38,449.35
2023-09-19,108407935,,,46725388.84,431.01
2025-11-29,251639849,251331654.0,308195.0,41672896.44,165.61
2023-02-11,77374717,,,14046224.34,181.54
2021-01-16,4261864,,,1357616.01,318.55
2024-11-12,166609108,166326066.0,283042.0,83665436.53,502.17
2024-09-07,176995976,176847880.0,148096.0,27849182.9,157.34
2024-03-18,134196331,133993331.0,203000.0,71705464.79,534.33
2022-10-31,65968039,,,46945361.17,711.64
2022-10-03,67044195,,,45887737.22,684.44
2025-02-05,197004841,195940766.0,1064075.0,102224258.12,518.89
2024-11-16,155627515,155492573.0,134942.0,21957570.58,141.09
2024-07-03,161385517,160794034.0,591483.0,72189092.66,447.31
2022-05-18,49713992,,,27743525.0,558.06
2021-08-29,15204286,,,2551961.7,167.84
2022-09-01,71635012,,,39929189.83,557.4
2023-03-27,74540879,,,44861351.82,601.84
2025-10-02,221705035,221188960.0,516075.0,101765774.92,459.01
2025-11-02,159333133,159096097.0,237036.0,20380531.46,127.91
2022-04-04,50656155,,,33774245.72,666.74
2022-08-23,56342393,,,29615402.29,525.63
2020-12-03,3069529,,,3238651.74,1055.1
2023-04-28,105751810,,,63696687.17,602.32
2022-09-29,61197798,,,31392231.23,512.96
2020-11-25,2069499,,,2405210.63,1162.22
2022-09-25,38042817,,,4995840.29,131.32
2024-05-08,184407630,183730504.0,677126.0,74304106.88,402.93
2021-01-14,5703042,,,5131747.17,899.83
2024-08-27,147056794,146892355.0,164439.0,65081510.7,442.56
2021-07-07,30939275,,,18357321.6,593.33
2024-11-15,151698744,151383958.0,314786.0,26488249.42,174.61
2024-10-07,193507967,193104227.0,403740.0,107517576.32,555.62
2021-12-20,51946935,,,36800098.84,708.42
2023-04-06,122378570,,,62878881.43,513.81
2025-10-04,229127467,228871240.0,256227.0,37891321.36,165.37
2023-04-24,82747087,,,49102890.97,593.41
2021-01-13,5805840,,,5199900.2,895.63
2023-04-05,103121331,,,54727925.77,530.71
2021-10-10,19111200,,,3603134.04,188.54
2021-05-20,22611851,,,15052016.12,665.67
2021-03-22,11720082,,,10523475.59,897.9
2025-06-18,198781170,197993239.0,787931.0,102212518.92,514.2
2023-07-10,116598174,,,69202307.13,593.51
2024-12-30,189455916,188868788.0,587128.0,115345849.65,608.83
2023-11-25,121057077,120981725.0,75352.0,18693320.12,154.42
2022-06-21,56076397,,,29524688.02,526.51
2025-02-08,198661189,198497497.0,163692.0,31857917.81,160.36
2025-08-16,204223890,204076604.0,147286.0,29989623.49,146.85
2023-09-20,126921668,,,59362529.41,467.71
2024-05-25,143697082,143611077.0,86005.0,20977247.35,145.98
2025-01-31,199620332,198930008.0,690324.0,105004095.88,526.02
2021-06-28,20468798,,,16024633.57,782.88
2024-05-22,147339281,146864184.0,475097.0,58669253.67,398.19
2025-10-22,201294813,200849140.0,445673.0,90932039.64,451.74
2025-01-30,167351221,166981145.0,370076.0,82325903.33,491.93
2023-12-25,68424914,68370251.0,54663.0,8292374.38,121.19
2023-05-06,106360285,,,21087983.7,198.27
2024-10-08,182336194,182079032.0,257162.0,80987382.57,444.17
2025-04-13,137654062,137575650.0,78412.0,16017265.16,116.36
2021-11-18,33699447,,,19551388.88,580.17
2023-08-14,101349221,,,54676507.45,539.49
2022-09-02,74970357,,,39251708.75,523.56
2023-05-28,55973275,,,6340223.95,113.27
2023-05-08,106672835,,,56772415.25,532.21
2024-07-27,145310121,145238069.0,72052.0,20190134.82,138.95
2021-01-15,7415667,,,6936586.84,935.4
2022-07-24,33601812,,,4422755.25,131.62
2023-07-12,100713893,,,42500873.95,422.0
2022-02-07,51906698,,,33537624.18,646.11
2021-08-10,32201756,,,22303439.21,692.62
2023-03-03,97980380,,,49357155.82,503.75
2020-12-30,6255656,,,6014866.0,961.51
2021-05-23,9687561,,,1878443.76,193.9
2024-03-20,157655101,156980067.0,675034.0,76395951.64,484.58
2025-10-03,247728231,247073428.0,654803.0,123052631.53,496.72
2024-02-17,131309961,131240601.0,69360.0,19843889.97,151.12
2024-09-11,169675307,169040104.0,635203.0,74659067.65,440.01
2023-10-22,81711351,,,8768827.84,107.31
2022-01-07,52395441,,,31885441.48,608.55
2023-04-04,92407810,,,45019684.67,487.18
2022-06-14,53288588,,,29128608.98,546.62
2025-12-29,227091522,220112654.0,6978868.0,145472321.86,640.59
2024-03-17,100393615,100343152.0,50463.0,11085558.09,110.42
2025-02-06,218599878,218067809.0,532069.0,103366028.32,472.85
2021-05-25,19541194,,,13098410.02,670.3
2020-11-27,2639482,,,2890943.52,1095.27
2025-07-21,192254436,191660363.0,594073.0,120949989.17,629.11
2025-11-06,268047839,267240314.0,807525.0,129730525.47,483.98
2022-02-10,49092745,,,30023218.32,611.56
2025-03-10,216869750,216078988.0,790762.0,132925666.03,612.93
2021-09-13,29759311,,,20981291.21,705.03
2025-06-14,196523634,196392326.0,131308.0,29872049.11,152.0
2022-07-13,56346567,,,30709490.21,545.01
2023-01-24,70619716,,,33905691.28,480.12
2022-03-13,25779761,,,3889158.74,150.86
2025-07-22,185275290,185019138.0,256152.0,83687116.82,451.69
2025-12-02,234208845,233669070.0,539775.0,110343925.23,471.13
2021-01-01,1577421,,,610710.91,387.16
2021-11-10,42349180,,,28544583.68,674.03
2023-06-09,110381294,,,51455443.45,466.16
2025-11-30,179337478,178985662.0,351816.0,24492836.58,136.57
2024-09-06,227376170,226789905.0,586265.0,108417718.1,476.82
2021-02-11,8119021,,,6544735.63,806.1
2023-01-21,71640745,,,12263245.48,171.18
2023-09-15,128137551,,,66413371.71,518.3
2025-12-07,190375748,189976725.0,399023.0,25733609.5,135.17
2022-10-06,88671979,,,45118385.38,508.82
2022-10-02,37177387,,,5208965.53,140.11
2025-05-16,199975919,199651387.0,324532.0,92251928.63,461.32
2023-07-14,108940098,,,49278811.33,452.35
2020-11-23,1972991,,,2167485.89,1098.58
2022-08-01,64550187,,,44882060.04,695.3
2021-02-18,9285846,,,7944232.52,855.52
2024-06-02,110329545,109945287.0,384258.0,14306109.0,129.67
2025-01-27,154943575,154635730.0,307845.0,87243724.66,563.07
2025-09-26,210495368,210086638.0,408730.0,101075108.47,480.18
2025-04-04,248717662,248030285.0,687377.0,122892383.58,494.1
2020-12-27,1935748,,,569565.5,294.24
2023-08-15,104047337,,,51731345.71,497.19
2023-01-23,71006338,,,39552252.27,557.02
2025-07-20,145923253,145721223.0,202030.0,17777536.4,121.83
2023-06-08,85372604,,,16898926.86,197.94
2022-02-03,42233532,,,22616148.9,535.5
2025-12-09,228448083,227833135.0,614948.0,117613024.44,514.83
2024-05-13,144173978,143971193.0,202785.0,74064208.74,513.71
2021-03-05,16335450,,,13654324.96,835.87
2022-03-11,51391244,,,28592888.04,556.38
2023-06-12,101895881,,,61779825.57,606.3
2024-12-18,188054967,187330175.0,724792.0,91227914.07,485.11
2025-01-29,157077360,156366507.0,710853.0,69728693.94,443.91
2025-10-28,188497314,188120624.0,376690.0,92073530.93,488.46
2024-04-23,136961514,136845589.0,115925.0,56650092.36,413.62
2020-11-26,1990462,,,2299506.05,1155.26
2024-02-13,94165501,94104985.0,60516.0,12926437.06,137.27
2022-04-30,49194867,,,10741113.45,218.34
2024-01-10,144804253,144098144.0,706109.0,71485844.49,493.67
2023-02-01,86052389,,,44277349.54,514.54
2022-01-02,18394033,,,3351939.46,182.23
2024-08-05,178306855,177796123.0,510732.0,104727701.65,587.35
2023-01-22,46624278,,,5768798.3,123.73
2025-03-08,208234169,208055867.0,178302.0,35181757.12,168.95
2021-03-21,4978096,,,1187646.88,238.57
2025-10-30,201653137,200954203.0,698934.0,108711251.83,539.1
2021-04-24,11220168,,,2855316.92,254.48
2022-11-08,85671637,,,42681013.54,498.19
2023-05-31,104366539,,,53459573.59,512.23
2021-11-17,35973650,,,21869186.3,607.92
2025-03-11,188728947,188338647.0,390300.0,91234963.85,483.42
2025-08-18,189592882,189215852.0,377030.0,111424281.54,587.7
2025-08-24,146054984,145960782.0,94202.0,16255335.33,111.3
2020-12-02,3177418,,,3142714.99,989.08
2023-11-18,122174783,122109086.0,65697.0,19181116.75,157.0
2023-04-03,90265396,,,56609158.23,627.14
2022-11-09,81595291,,,37924268.1,464.79
2022-05-17,48644147,,,27449210.89,564.29
2024-12-15,137091977,136915532.0,176445.0,17845042.62,130.17
2021-05-02,7871527,,,1952873.89,248.09
2021-07-06,31329619,,,19484160.03,621.91
2024-01-11,129657569,129477460.0,180109.0,54412255.57,419.66
2022-01-06,40171241,,,22964780.74,571.67
2025-06-19,164095145,163960844.0,134301.0,26908979.4,163.98
2021-09-12,16043370,,,2837941.74,176.89
2024-04-17,142387452,141908984.0,478468.0,59309265.73,416.53
2022-08-21,37171856,,,5020566.93,135.06
2024-08-08,180400106,180139594.0,260512.0,72004945.6,399.14
2025-08-23,199374168,199243391.0,130777.0,27680650.5,138.84
2023-07-13,95614541,,,39851202.31,416.79
2024-08-31,170146071,170025515.0,120556.0,27608107.77,162.26
2022-04-14,56705932,,,31834465.31,561.4
2021-12-21,47408729,,,26159395.58,551.78
2022-01-03,36957068,,,26160407.44,707.86
2024-01-15,133804928,133471223.0,333705.0,74738455.12,558.56
2022-03-31,52839320,,,33454832.9,633.14
2025-03-06,235198691,229499452.0,5699239.0,125218614.74,532.4
2023-05-30,86095166,,,48686883.22,565.5
2025-12-05,313339828,311956546.0,1383282.0,179933516.31,574.24
2024-09-27,172815362,172573729.0,241633.0,81537331.82,471.82
2020-11-18,1551002,,,1535833.34,990.22
2024-06-25,146798840,146563640.0,235200.0,75390575.47,513.56
2025-02-07,226590221,226069028.0,521193.0,102545875.14,452.56
2024-05-16,147091534,146886087.0,205447.0,59746788.37,406.19
2022-09-23,69981808,,,33445891.82,477.92
2022-12-12,82662962,,,51724059.98,625.72
2024-09-09,181945864,181657086.0,288778.0,94072427.9,517.04
2025-07-13,140927934,140835196.0,92738.0,16520474.17,117.23
2025-01-02,160687951,160253381.0,434570.0,95902293.17,596.82
2023-06-10,98586095,,,17876172.27,181.33
2021-08-09,31424740,,,22009527.32,700.39
2023-10-23,111113386,,,57172982.55,514.55
2022-06-20,62189185,,,42335916.58,680.76
2021-02-14,3667793,,,955804.69,260.59
2022-09-22,63645472,,,29841381.82,468.87
2022-01-30,21636712,,,3544507.56,163.82
2023-03-04,83969327,,,16305781.86,194.19
2025-11-07,276199323,275435791.0,763532.0,130871330.21,473.83
2025-08-15,223433914,222665248.0,768666.0,114107824.7,510.7
2021-08-08,15210008,,,3004509.8,197.54
2022-10-30,38576269,,,5057703.63,131.11
2023-04-27,83728828,,,41054871.76,490.33
2024-12-17,182515908,182201412.0,314496.0,88005850.12,482.18
2025-04-10,205998321,205256403.0,741918.0,110703346.96,537.4
2022-03-02,45134701,,,35066138.68,776.92
2025-12-10,248593378,247426795.0,1166583.0,150870828.42,606.9
2025-03-29,189956090,189825637.0,130453.0,29605543.15,155.85
2021-06-04,24945880,,,17229599.27,690.68
2025-10-25,206815814,206560568.0,255246.0,29496438.75,142.62
2022-10-28,75938264,,,40180577.53,529.12
2024-11-06,192339637,191265582.0,1074055.0,92244283.76,479.59
2025-07-11,206163128,205799290.0,363838.0,98986041.46,480.13
2024-10-02,177004363,176268828.0,735535.0,78683919.77,444.53
2025-03-27,172812802,172545630.0,267172.0,78051153.06,451.65
2021-04-12,15051225,,,12773852.85,848.69
2024-06-22,154998675,154923827.0,74848.0,21195988.04,136.75
2023-05-04,94999804,,,46866174.6,493.33
2023-12-15,161255076,160830019.0,425057.0,80286754.27,497.89
2024-02-09,162453813,162136156.0,317657.0,79297246.77,488.12
2024-03-06,178686383,178059365.0,627018.0,79285823.19,443.71
2021-11-13,31324256,,,6593616.35,210.5
2021-09-29,29911830,,,18902824.79,631.95
2025-10-17,215247805,214793478.0,454327.0,103779114.64,482.14
2021-02-03,7907948,,,6760698.37,854.92
2022-06-16,41816585,,,9179671.77,219.52
2023-12-22,165824140,165579549.0,244591.0,77993801.44,470.34
2025-02-22,179295756,179195565.0,100191.0,24769110.43,138.15
2020-12-23,6050946,,,5792354.02,957.26
2023-05-25,88347248,,,41293956.26,467.41
2022-02-21,44424231,,,29157131.75,656.33
2022-08-24,57328581,,,28159734.45,491.2
2025-01-25,166573000,166458230.0,114770.0,23508097.97,141.13
2025-11-03,219255014,218564485.0,690529.0,134706095.06,614.38
2024-05-21,149412204,149258154.0,154050.0,62426691.59,417.82
2025-01-28,155059559,154830581.0,228978.0,70470085.59,454.47
2023-09-16,110242873,,,17304535.1,156.97
2022-12-07,96629476,,,47159548.04,488.05
2022-12-21,94011903,,,43151400.83,459.0
2021-08-31,33364622,,,23096470.05,692.24
2021-04-21,10266044,,,3238384.3,315.45
2021-02-12,10596529,,,9326962.8,880.19
2021-05-22,15271229,,,3391411.51,222.08
2023-07-30,69045985,,,8375837.43,121.31
2024-12-13,206163050,205758024.0,405026.0,95619805.94,463.81
2023-11-21,129892578,129717621.0,174957.0,63864937.73,491.68
2024-12-29,129748340,129672970.0,75370.0,16331746.06,125.87
2022-12-11,49773879,,,7519138.86,151.07
2022-07-20,65795159,,,36698336.54,557.77
2022-05-12,51935322,,,27218762.78,524.09
2025-05-14,180051975,179313324.0,738651.0,85756348.72,476.29
2021-06-25,24027044,,,15386596.94,640.39
2025-12-01,247170786,246265416.0,905370.0,156916429.9,634.85
2021-02-20,6831039,,,2026088.2,296.6
2021-10-15,39098089,,,25879343.05,661.91
2024-10-01,181353338,180872621.0,480717.0,96672847.6,533.06
2024-06-27,147351656,147159933.0,191723.0,70224189.8,476.58
2025-07-19,197128380,196994036.0,134344.0,28609667.77,145.13
2021-05-12,18012986,,,11750224.13,652.32
2025-07-17,181881844,181541535.0,340309.0,86374774.68,474.89
2023-02-23,76095864,,,38693116.9,508.48
2025-11-28,297387610,296031742.0,1355868.0,166157564.7,558.72
2022-04-26,46230402,,,25431810.01,550.11
2024-03-19,132740620,132602143.0,138477.0,57150361.88,430.54
2023-07-21,112198113,,,46333060.41,412.96
2022-03-30,46265663,,,29158235.11,630.23
2022-02-09,45668993,,,23256289.32,509.24
2020-11-10,135444,,,55316.78,408.41
2022-11-01,74052204,,,42842348.03,578.54
2025-03-25,175686877,175364171.0,322706.0,86505616.88,492.39
2022-07-21,58803547,,,28909987.62,491.64
2021-10-07,42036135,,,23251313.81,553.13
2025-03-07,244988905,244357901.0,631004.0,121455106.45,495.76
2021-10-12,20381587,,,4550892.77,223.28
2024-06-24,136971895,136783621.0,188274.0,70520394.62,514.85
2022-03-04,58531279,,,36303942.61,620.25
2025-04-08,205328356,205016996.0,311360.0,89103275.88,433.96
2021-03-17,10592852,,,7777513.68,734.22
2025-10-26,150312755,150139652.0,173103.0,16649236.94,110.76
2025-02-04,176295536,175969233.0,326303.0,81742451.72,463.67
2021-04-13,15127115,,,10545154.46,697.1
2025-03-31,186848623,186236955.0,611668.0,125198483.18,670.05
2021-11-11,37608436,,,20898298.15,555.68
2023-07-31,109779799,,,69217511.56,630.51
2023-08-17,100933502,,,41183255.56,408.02
2025-01-11,167742163,167625230.0,116933.0,25075217.68,149.49
2024-02-15,143322849,142878978.0,443871.0,76163801.72,531.41
2023-11-12,88751695,88701270.0,50425.0,10299495.2,116.05
2024-04-27,139431540,139370696.0,60844.0,19932731.11,142.96
2022-12-24,72011027,,,12945575.08,179.77
2022-10-24,63834768,,,35933916.03,562.92
2022-08-25,58042189,,,32177435.84,554.38
2021-06-26,18269456,,,3888303.8,212.83
2024-03-14,134220269,134068241.0,152028.0,54243904.24,404.14
2022-09-10,66005619,,,13540846.45,205.15
2024-04-13,143838092,143773862.0,64230.0,21856533.42,151.95
2023-03-23,79136730,,,33966375.34,429.21
2022-07-18,54571817,,,34106222.01,624.98
2021-04-22,14908610,,,11928126.01,800.08
2023-11-22,124728509,124354522.0,373987.0,53082559.16,425.58
2022-02-02,42401771,,,22224993.65,524.15
2025-04-12,187683465,187566651.0,116814.0,27506570.85,146.56
2025-08-20,224796246,223286672.0,1509574.0,132289930.54,588.49
2025-04-25,196405353,196016038.0,389315.0,100444582.73,511.41
2022-11-02,47202061,,,9716312.39,205.85
2024-02-08,153345538,153130213.0,215325.0,61064800.78,398.22
2022-01-25,36627652,,,21037279.48,574.36
2025-02-01,179919332,179668703.0,250629.0,30872678.62,171.59
2024-06-19,152343611,151784790.0,558821.0,63990182.64,420.04
2022-06-08,66432895,,,31372195.53,472.24
2022-01-23,20880710,,,3108924.54,148.89
2023-06-26,89059447,,,49828946.26,559.5
2024-12-10,206067940,205431054.0,636886.0,112359361.4,545.25
2024-11-13,163110712,162352865.0,757847.0,76489817.78,468.94
2024-11-04,169748472,169339690.0,408782.0,96238618.49,566.95
2022-11-23,71953418,,,32304498.56,448.96
2022-06-02,58253546,,,29757569.96,510.83
2021-11-12,41448985,,,24858698.77,599.74
2023-12-21,160743580,160533339.0,210241.0,67921408.25,422.55
2022-06-19,31831739,,,4583450.21,143.99
2023-12-26,120373381,120213416.0,159965.0,70069376.11,582.1
2024-01-06,140869056,140748668.0,120388.0,25182129.03,178.76
2023-03-19,53000387,,,6534507.94,123.29
2022-11-03,69818177,,,38801326.05,555.75
2021-03-18,10265969,,,7739368.65,753.89
2021-03-11,11232254,,,8786136.61,782.22
2022-08-22,60899571,,,38319304.82,629.22
2024-07-29,138429641,138246798.0,182843.0,78267846.55,565.4
2025-07-12,189886840,189748122.0,138718.0,28054153.98,147.74
2023-06-04,63327238,,,8456409.1,133.54
2021-05-15,14569585,,,3723907.31,255.59
2021-09-10,38148657,,,26355645.27,690.87
2020-11-22,889213,,,268648.17,302.12
2024-03-27,140965019,140433952.0,531067.0,64458917.55,457.27
2024-10-09,175510667,174717781.0,792886.0,77159609.3,439.63
2021-07-31,23171414,,,5564714.86,240.15
2023-12-27,126324841,125646299.0,678542.0,64722291.25,512.35
2023-09-09,113422290,,,18577311.18,163.79
2024-07-24,148148663,147614084.0,534579.0,60815990.65,410.51
2021-02-17,8801944,,,9352777.75,1062.58
2024-09-08,132615406,132511389.0,104017.0,16801068.88,126.69
2022-11-05,74150523,,,15620311.54,210.66
2025-11-24,199367805,198880416.0,487389.0,118364629.27,593.7
2024-01-31,141883015,141308537.0,574478.0,71116615.96,501.23
2025-04-29,176031088,175763251.0,267837.0,89372049.88,507.71
2024-01-09,138127440,137953902.0,173538.0,58449370.53,423.16
2021-06-23,21804745,,,12565814.37,576.29
2021-07-23,26589708,,,16886408.06,635.07
2023-12-01,166499568,166107696.0,391872.0,79510740.39,477.54
2025-09-23,190914196,190613275.0,300921.0,87628700.64,459.0
2022-05-15,31053374,,,4904936.68,157.95
2020-11-20,1957506,,,1824187.41,931.89
2021-12-28,36065852,,,21154448.08,586.55
2024-09-28,161520983,161434793.0,86190.0,24753209.63,153.25
2025-08-17,149441500,149343899.0,97601.0,17188963.48,115.02
2020-12-25,1622897,,,590867.68,364.08
2022-12-06,96888385,,,50313198.79,519.29
2023-01-17,70539864,,,34695857.46,491.86
2023-08-12,104283324,,,16280946.6,156.12
2021-11-14,18822531,,,2985613.68,158.62
2021-11-15,21811133,,,4788323.82,219.54
2021-05-26,18642985,,,11330748.69,607.78
2021-04-07,19398892,,,13077243.77,674.12
2022-12-02,87582534,,,39018234.85,445.5
2022-02-08,47734622,,,25163312.69,527.15
2024-06-01,153559591,152884960.0,674631.0,26024261.13,169.47
2025-01-05,124810434,124617902.0,192532.0,16980661.23,136.05
2024-01-12,135755651,135572925.0,182726.0,57052116.73,420.26
2021-06-02,23593904,,,15803478.49,669.81
2022-01-05,41059065,,,24925708.63,607.07
2025-05-31,203183834,203025187.0,158647.0,34017615.29,167.42
2024-12-06,250558457,249868850.0,689607.0,124290392.91,496.05
2022-11-29,70248480,,,37004077.05,526.76
2023-02-22,71951680,,,44399732.46,617.08
2022-03-27,24528952,,,3560507.3,145.16
2025-11-04,215841017,215338093.0,502924.0,104528028.51,484.28
2023-04-01,86576257,,,16994015.83,196.29
2022-03-09,51895561,,,27589246.33,531.63
2024-10-11,181982242,181723586.0,258656.0,81650338.89,448.67
2024-05-23,143204645,143064557.0,140088.0,55294355.88,386.12
2021-04-25,6751665,,,1509719.48,223.61
2021-05-21,21666709,,,13242096.91,611.17
2024-11-30,204027010,203743475.0,283535.0,35220842.75,172.63
2023-12-28,138088289,137786677.0,301612.0,79855361.35,578.29
2024-07-26,160607966,160414034.0,193932.0,70800774.05,440.83
2021-07-04,12791693,,,2613001.64,204.27
2022-11-20,45979233,,,6501699.45,141.41
2025-09-10,225512586,224649576.0,863010.0,125378287.05,555.97
2023-04-22,76700955,,,10823878.57,141.12
2024-06-23,110507306,110456860.0,50446.0,11696345.59,105.84
2021-01-04,5935544,,,7772210.33,1309.44
2023-06-02,110090252,,,51471551.21,467.54
2021-08-26,27088735,,,16007378.25,590.92
2023-01-19,72572888,,,33382247.75,459.98
2024-03-13,136692678,136269268.0,423410.0,56381614.62,412.47
2022-08-20,58312682,,,11175717.13,191.65
2024-09-04,171021351,170322603.0,698748.0,75971713.51,444.22
2022-08-15,63058571,,,40791267.97,646.88
2024-08-07,197284514,196546403.0,738111.0,84997463.96,430.84
2025-03-03,148351491,148114866.0,236625.0,30436077.27,205.16
2024-10-05,199756248,199299371.0,456877.0,36687205.51,183.66
2025-08-21,203232976,202924646.0,308330.0,90529636.92,445.45
2025-11-25,209310475,208693084.0,617391.0,114182835.88,545.52
2020-12-26,2602030,,,842506.54,323.79
2025-04-30,221421203,219957635.0,1463568.0,140937978.95,636.52
2025-12-31,223584149,223003570.0,580579.0,52794278.19,236.13
2021-10-31,19605040,,,3384043.04,172.61
2021-05-24,17919673,,,12887183.91,719.16
2025-09-13,202304142,202158219.0,145923.0,29583566.5,146.23
2021-04-23,15782102,,,11743904.7,744.13
2024-08-30,200133556,195634183.0,4499373.0,112994836.27,564.6
2025-09-19,231143339,230331599.0,811740.0,120664990.88,522.04
2024-09-02,173610231,173226376.0,383855.0,96454013.91,555.58
2022-12-10,77720947,,,16113616.01,207.33
2021-08-21,25092034,,,5121602.19,204.11
2025-06-02,203867711,203310004.0,557707.0,118981794.16,583.62
2023-09-18,107149946,,,55668636.39,519.54
2023-10-19,112424744,,,45961641.41,408.82
2024-04-21,104136979,104086397.0,50582.0,11572711.59,111.13
2023-05-05,124322983,,,68372023.87,549.95
2023-10-17,110725921,,,50080897.09,452.3
2025-07-18,213279264,212551693.0,727571.0,111874350.88,524.54
2025-01-01,97740562,97534997.0,205565.0,13935495.85,142.58
2021-08-01,12588622,,,2539237.91,201.71
2021-06-14,20632308,,,15071882.4,730.5
2024-12-11,191258377,190541816.0,716561.0,89923130.13,470.17
2021-07-03,20481300,,,4989380.15,243.61
2025-04-06,160187099,160058448.0,128651.0,21773005.55,135.92
2021-12-15,45873628,,,29538148.56,643.9
2024-09-30,172961368,172052696.0,908672.0,114143281.63,659.94
2023-05-29,80615662,,,43794097.43,543.25
2024-09-01,124497301,124298963.0,198338.0,16439929.77,132.05
2020-12-29,5668721,,,5506344.36,971.36
2025-12-08,233791425,233188648.0,602777.0,127963522.53,547.34
2021-09-09,34186814,,,21063190.1,616.12
2023-08-28,95664175,,,50673011.72,529.7
2022-09-27,60027343,,,31218533.83,520.07
2023-10-21,117662748,,,17877602.59,151.94
2025-10-20,207397666,206314172.0,1083494.0,142559876.09,687.37
2025-09-25,195871438,195423284.0,448154.0,102058007.86,521.05
2021-06-24,19971160,,,11788937.77,590.3
2024-07-23,147234812,147088350.0,146462.0,63089724.85,428.5
2024-03-24,96012003,95966972.0,45031.0,10232054.7,106.57
2023-10-15,78724724,,,9565049.91,121.5
2024-02-16,147003973,146794665.0,209308.0,65226066.72,443.7
2025-07-15,203998201,203341757.0,656444.0,117012548.35,573.6
2022-12-09,82706584,,,38973628.33,471.23
2025-06-15,141235392,141039517.0,195875.0,17855441.09,126.42
2023-07-09,73589494,,,10131080.12,137.67
2023-03-25,76820968,,,12877243.14,167.63
2021-01-10,2826034,,,935035.68,330.86
2025-11-21,227943926,227164759.0,779167.0,123445423.73,541.56
2022-03-07,55619897,,,37594544.25,675.92
2024-10-19,166193999,166093422.0,100577.0,24528502.29,147.59
2023-11-20,118343627,118104474.0,239153.0,51512968.13,435.28
2025-01-03,175448226,175094423.0,353803.0,83292406.42,474.74
2023-05-03,94866017,,,48736812.77,513.74
2021-03-06,8924639,,,2935670.29,328.94
2022-06-09,60490058,,,29352970.98,485.25
2022-11-28,64556371,,,36464058.16,564.84
2024-01-07,99697094,99627204.0,69890.0,12921695.35,129.61
2023-05-09,98910248,,,45847381.74,463.53
2023-07-05,117904425,,,60753937.82,515.28
2023-08-11,118678881,,,50452360.1,425.12
2024-02-11,97846015,97782371.0,63644.0,11252710.59,115.0
2023-06-07,124750784,,,57746223.53,462.89
2025-04-02,194581399,193749090.0,832309.0,87565283.91,450.02
2025-11-23,153797492,153576454.0,221038.0,17981374.73,116.92
2023-10-16,115313527,,,66415607.27,575.96
2024-11-10,135813699,135444642.0,369057.0,18826489.05,138.62
2021-08-24,26697300,,,16159384.28,605.28
2024-04-16,140161313,140003452.0,157861.0,60561701.74,432.09
2024-07-31,178385926,172764159.0,5621767.0,96923686.76,543.34
2025-04-11,204406937,204065033.0,341904.0,91720808.34,448.72
2022-03-29,42227501,,,24042255.34,569.35
2022-02-04,54568607,,,31910832.79,584.78
2024-03-12,139366456,139204339.0,162117.0,60661417.36,435.27
2022-10-27,64571944,,,31779128.53,492.15
2021-06-03,15977499,,,4836202.84,302.69
2023-11-24,136316375,136143316.0,173059.0,58899268.73,432.08
2021-09-30,37554104,,,26944627.33,717.49
2023-06-30,120584195,,,69449890.15,575.95
2022-07-17,33868757,,,4730325.43,139.67
2021-08-05,31815790,,,21091243.29,662.92
2023-11-14,129461757,129147132.0,314625.0,59088892.57,456.42
2024-08-23,169857174,169618994.0,238180.0,73939188.96,435.3
2022-06-18,48844423,,,8868645.85,181.57
2020-12-01,3433475,,,3749325.94,1091.99
2025-01-24,174714398,174430792.0,283606.0,79625349.59,455.75
2023-02-21,51241904,,,7810175.32,152.42
2023-09-12,114259820,,,50821868.66,444.79
2021-12-09,43910474,,,24425800.89,556.26
2024-12-19,194048002,193703107.0,344895.0,98908863.54,509.71
2025-01-17,172757113,172462370.0,294743.0,82461224.77,477.32
2025-09-01,217275313,216505633.0,769680.0,135492085.08,623.6
2021-09-28,28840568,,,17964083.35,622.88
2022-01-28,41822461,,,24471656.54,585.13
2022-12-01,93207145,,,47313669.38,507.62
2025-11-18,200922887,200484305.0,438582.0,97887156.84,487.19
2020-12-09,4030272,,,3727354.1,924.84
2021-04-14,14724886,,,10069358.75,683.83
2023-10-24,110321667,,,45785393.64,415.02
2025-02-26,171814550,170863132.0,951418.0,79589849.37,463.23
2025-06-12,191108001,190811344.0,296657.0,85167225.75,445.65
2025-06-28,195352656,195230621.0,122035.0,30469522.76,155.97
2023-04-23,53580202,,,6103128.95,113.91
2022-08-30,59086264,,,38241165.82,647.21
2023-02-18,74962584,,,14010437.33,186.9
2024-03-08,169557354,169270326.0,287028.0,73397198.58,432.88
2024-03-07,173119494,172823620.0,295874.0,70259261.68,405.84
2022-08-10,70469428,,,40589807.5,575.99
2021-10-09,29958791,,,6692422.59,223.39
2021-11-04,37192971,,,22767422.79,612.14
2021-09-19,15833764,,,2642456.17,166.89
2025-09-18,196307848,195978450.0,329398.0,92890521.34,473.19
2022-12-26,66934699,,,39397265.32,588.59
2024-07-16,147975180,147805702.0,169478.0,68132354.1,460.43
2021-12-16,42715370,,,23657121.9,553.83
2024-04-15,152473471,151868502.0,604969.0,89261857.56,585.43
2022-04-08,61904191,,,32596486.41,526.56
2023-04-26,83724873,,,39003173.03,465.85
2025-07-16,191029463,190226699.0,802764.0,89484694.63,468.43
2025-07-08,211378574,211015419.0,363155.0,105070747.75,497.07
2025-09-21,155554813,155434572.0,120241.0,17698286.09,113.78
2024-05-09,168091443,167861635.0,229808.0,69129239.02,411.26
2024-05-20,161716437,161198141.0,518296.0,101219719.16,625.91
2024-07-25,150206434,149955877.0,250557.0,70561459.27,469.76
2023-08-09,113951639,,,47786439.87,419.36
2025-05-09,231826603,231363018.0,463585.0,110409911.2,476.26
2022-12-27,68743248,,,33850038.38,492.41
2022-03-23,43598734,,,22246180.06,510.25
2024-08-16,171844476,171608407.0,236069.0,74201796.61,431.8
2023-05-17,86712271,,,37070197.95,427.51
2023-06-11,65504715,,,8880853.51,135.58
2023-03-16,82248378,,,36776193.62,447.14
2023-06-05,108279973,,,63321695.03,584.8
2024-10-10,185291586,184649204.0,642382.0,94009189.24,507.36
2024-11-11,182282520,181826903.0,455617.0,108536723.27,595.43
2022-08-16,60637144,,,32880557.05,542.25
2023-01-13,80522489,,,37630592.78,467.33
2023-12-13,136593492,136154973.0,438519.0,58155979.37,425.76
2023-05-07,67953070,,,9689172.63,142.59
2024-12-16,185733078,185362538.0,370540.0,113980904.05,613.68
2023-08-01,115150095,,,56747173.3,492.81
2021-08-04,28004102,,,16982062.97,606.41
2023-10-06,163008134,,,77301693.19,474.22
2022-12-29,79091776,,,44766563.82,566.01
2021-08-07,27080207,,,6357386.68,234.76
2020-12-08,3836662,,,3449241.91,899.02
2021-10-01,40881959,,,26827201.01,656.21
2022-09-28,62056271,,,31951929.43,514.89
2025-02-13,161217223,160960958.0,256265.0,67899207.91,421.17
2023-02-17,95053873,,,48671279.42,512.04
2021-09-23,28739151,,,17009697.1,591.86
2022-02-05,44056030,,,10142862.62,230.23
2023-03-20,89094423,,,53622414.2,601.86
2023-07-29,100619023,,,16968016.44,168.64
2023-10-18,114261794,,,47893378.76,419.15
2024-10-06,131241979,131004397.0,237582.0,16860836.69,128.47
2025-06-10,217544743,216784748.0,759995.0,125392945.21,576.4
2025-06-13,204692440,204310617.0,381823.0,96033941.53,469.16
2023-07-07,134844164,,,59845044.44,443.81
2023-12-24,102543854,102490056.0,53798.0,12561368.23,122.5
2024-08-21,167421899,166843058.0,578841.0,68931754.27,411.72
2026-01-05,223836196,222833956.0,1002240.0,150305868.87,671.5
2022-10-12,50250658,,,9616178.09,191.36
2025-05-08,232175279,231702612.0,472667.0,100823359.43,434.26
2023-11-07,157509652,157219119.0,290533.0,73731142.41,468.11
2024-08-03,163697837,163579487.0,118350.0,26009678.47,158.89
2023-01-26,70027461,,,34236186.9,488.9
2021-02-16,5807263,,,2349340.9,404.55
2025-11-19,229385080,228432980.0,952100.0,130978746.32,571.0
2021-07-16,26355492,,,15833719.22,600.77
2023-07-06,129444492,,,58811530.67,454.34
2022-11-04,84859656,,,47647401.99,561.48
2024-06-18,149074949,148896854.0,178095.0,66371326.77,445.22
2023-12-20,178091188,177181470.0,909718.0,94851254.93,532.6
2023-08-26,98252768,,,14703762.93,149.65
2023-08-10,119398276,,,58629881.25,491.04
2022-04-07,63504251,,,32259591.04,507.99
2025-10-01,235573416,234695426.0,877990.0,125996691.3,534.85
2024-08-01,173355535,172902969.0,452566.0,82283159.72,474.65
2023-09-26,104871324,,,44490553.85,424.24
2025-12-04,230679892,230052428.0,627464.0,109234763.3,473.53
2021-01-12,6276577,,,5667021.02,902.88
2021-11-25,36317693,,,21621886.8,595.35
2022-11-27,44047621,,,5760230.11,130.77
2024-10-27,110036952,109950438.0,86514.0,12084946.65,109.83
2024-07-11,155826663,155625492.0,201171.0,67735630.69,434.69
2022-03-26,39513797,,,7170190.21,181.46
2021-02-10,10679222,,,8963515.94,839.34
2022-11-21,76681707,,,46031492.11,600.29
2020-12-18,6596876,,,6595479.0,999.79
2021-10-02,30049651,,,6627850.0,220.56
2024-11-07,218207150,217607708.0,599442.0,100987721.62,462.81
2024-05-03,174312914,174010368.0,302546.0,81382833.9,466.88
2025-06-06,276685418,275911662.0,773756.0,135606302.61,490.11
2023-04-08,82591887,,,13262221.9,160.58
2021-04-27,14619906,,,10350974.96,708.01
2025-07-06,163279569,163127559.0,152010.0,22087451.3,135.27
2024-01-29,116883646,116759450.0,124196.0,59295799.21,507.31
2024-08-06,203871255,203479060.0,392195.0,95581407.31,468.83
2023-02-24,82635280,,,41148976.96,497.96
2022-05-27,55195514,,,29312319.75,531.06
2023-08-06,81086230,,,10614768.79,130.91
2025-03-16,135613258,135527742.0,85516.0,16101320.95,118.73
2021-07-02,27534069,,,16889668.63,613.41
2022-01-11,39042476,,,22718207.05,581.88
2021-10-30,33157787,,,7227274.37,217.97
2023-03-26,50114499,,,5889428.78,117.52
2022-01-15,33624989,,,6962029.66,207.05
2022-02-27,24397391,,,3825358.56,156.79
2021-11-03,37328992,,,24043591.52,644.1
2025-07-14,180963801,180592544.0,371257.0,105090770.03,580.73
2022-04-10,31706558,,,5615508.08,177.11
2023-02-12,51010936,,,6693788.85,131.22
2025-05-11,146330095,146223091.0,107004.0,18360541.78,125.47
2022-11-07,89812675,,,56002742.56,623.55
2021-02-08,10178783,,,8608986.78,845.78
2023-03-18,79166633,,,13525623.95,170.85
2021-08-06,40461988,,,24872725.66,614.72
2024-12-07,206806818,206579069.0,227749.0,35580568.77,172.05
2022-11-30,99376115,,,55591076.1,559.4
2025-12-25,130583632,130096026.0,487606.0,17577012.69,134.6
2022-03-28,40424042,,,28036611.24,693.56
2025-02-21,195590828,195295582.0,295246.0,86998336.3,444.8
2024-07-21,113409868,113344941.0,64927.0,12952681.87,114.21
2025-02-23,129798867,129729348.0,69519.0,14003492.97,107.89
2024-12-09,196128352,195773171.0,355181.0,110370784.96,562.75
2024-06-30,112376899,112261147.0,115752.0,15077697.73,134.17
2025-02-24,164524119,164203678.0,320441.0,87867862.73,534.07
2021-01-09,4522432,,,1567788.87,346.67
2021-03-13,7968781,,,2382429.63,298.97
2024-08-13,151279611,151110505.0,169106.0,69186085.92,457.34
2021-02-01,8283643,,,8287126.74,1000.42
2025-12-26,204716312,204141952.0,574360.0,116826607.13,570.68
2025-05-24,187518697,187410467.0,108230.0,26431401.41,140.95
2025-02-28,224224713,223421383.0,803330.0,134847000.47,601.39
2023-02-19,48844765,,,5956552.4,121.95
2022-12-30,80749221,,,25464399.86,315.35
2021-01-08,8062044,,,7083097.45,878.57
2025-12-30,248410446,247030233.0,1380213.0,158277541.5,637.16
2025-10-27,187374640,186911116.0,463524.0,111493410.96,595.03
2024-11-23,169402904,169263448.0,139456.0,25103504.31,148.19
2024-05-14,140256172,140090223.0,165949.0,64433454.84,459.4
2025-08-22,212591556,212252586.0,338970.0,96190746.42,452.47
2021-03-20,8468007,,,2372174.66,280.13
2023-01-16,73707354,,,45616059.89,618.88
2021-09-05,16860105,,,3263236.6,193.55
2022-06-15,65261876,,,40132567.47,614.95
2023-07-03,104268913,,,64382466.28,617.47
2022-09-15,70250288,,,39242326.17,558.61
2024-04-09,153319794,153118416.0,201378.0,65934401.36,430.04
2024-05-17,159668727,159454990.0,213737.0,66779410.11,418.24
2023-06-27,89473835,,,39970013.24,446.72
2024-05-12,107646839,107586647.0,60192.0,12206974.18,113.4
2021-06-27,11340610,,,1915413.43,168.9
2021-04-08,17921836,,,11787167.33,657.7
2024-10-23,158866465,158277789.0,588676.0,66795384.59,420.45
2022-11-06,46620101,,,7066646.83,151.58
2023-12-23,146996263,146918336.0,77927.0,24951948.61,169.75
2024-01-13,123967341,123905262.0,62079.0,19182044.34,154.73
2023-05-02,96958717,,,64096387.27,661.07
2022-05-03,53511895,,,30250963.41,565.31
2025-02-03,178916376,178436980.0,479396.0,107575111.84,601.26
2025-10-24,215550890,215054684.0,496206.0,100588264.07,466.66
2025-09-22,194155719,193570257.0,585462.0,123125535.05,634.16
2021-10-22,36169599,,,20526581.3,567.51
2021-11-29,35071142,,,24749751.71,705.7
2022-01-01,14300546,,,2784159.48,194.69
2024-09-17,159662766,159450261.0,212505.0,74665751.13,467.65
2022-12-16,90732339,,,45741555.36,504.14
2023-09-10,82136247,,,11537836.08,140.47
2020-12-24,4174981,,,2933145.86,702.55
2021-10-18,30228460,,,20943277.05,692.83
2025-04-05,224012378,223686097.0,326281.0,40186671.33,179.39
2025-03-04,131587915,131470770.0,117145.0,20379565.93,154.87
2025-07-10,210333380,209474833.0,858547.0,121278765.15,576.6
2022-06-17,57300205,,,31868776.3,556.17
2023-01-14,69003517,,,12167673.77,176.33
2025-10-21,204959927,204562919.0,397008.0,94796125.28,462.51
2025-10-19,150731697,150566087.0,165610.0,18022592.64,119.57
2021-07-21,25834235,,,14595414.68,564.96
2025-05-06,211593651,211184684.0,408967.0,103379980.66,488.58
2022-12-28,71857451,,,35758699.56,497.63
2024-10-29,151103775,150910746.0,193029.0,71228003.27,471.38
2024-01-01,64738128,64611857.0,126271.0,8618514.96,133.13
2024-09-05,191992042,191416010.0,576032.0,93734746.15,488.22
2024-09-20,195689166,194758467.0,930699.0,107800474.39,550.88
2022-10-21,77559991,,,35732009.5,460.7
2022-10-26,64832232,,,30831235.72,475.55
2021-06-18,23998991,,,15343961.57,639.36
2022-09-18,38649480,,,5022076.65,129.94
2022-05-16,52474628,,,35208809.55,670.97
2026-01-04,153429683,153006700.0,422983.0,20730398.74,135.11
2023-11-30,164671866,164076849.0,595017.0,85274643.63,517.85
2022-01-31,40959661,,,31579314.84,770.99
2024-02-12,109433575,109322760.0,110815.0,20730257.41,189.43
2025-04-09,198844766,198061645.0,783121.0,88925367.77,447.21
2022-03-03,45623079,,,28273537.13,619.72
2022-08-19,68537632,,,35326854.17,515.44
2020-11-21,1217467,,,417082.25,342.58
2021-01-31,3104842,,,923683.46,297.5
2022-11-25,81508558,,,42338428.08,519.44
2021-11-23,35027294,,,19681459.38,561.89
2025-07-30,195560741,194339707.0,1221034.0,108326283.98,553.93
2024-10-31,178389589,177679805.0,709784.0,91986807.68,515.65
2022-01-24,36191077,,,22812958.2,630.35
2021-11-05,50045289,,,32171471.88,642.85
2025-12-28,157542812,157091748.0,451064.0,19147726.09,121.54
2022-10-20,78681091,,,40820654.62,518.81
2024-07-19,172833281,172299556.0,533725.0,84458675.65,488.67
2024-07-01,165771041,165328280.0,442761.0,100273369.36,604.89
2022-04-12,51167291,,,28823544.12,563.32
2025-12-06,263648454,263180380.0,468074.0,46449229.74,176.18
2024-02-14,124747399,124523896.0,223503.0,70620811.56,566.11
2021-07-26,23568674,,,17757747.15,753.45
2020-11-17,1599192,,,1215901.44,760.32
2021-10-13,33626164,,,21979978.99,653.66
2022-03-05,47142734,,,11009552.16,233.54
2024-02-07,168022638,167398209.0,624429.0,68573960.16,408.12
2022-01-09,22879702,,,4336146.98,189.52
2023-05-24,85861741,,,36041746.3,419.76
2021-03-16,11382263,,,8644742.71,759.49
2024-03-09,150732282,150639342.0,92940.0,24357096.86,161.59
2023-11-10,151513440,151098980.0,414460.0,74531176.93,491.91
2024-11-08,213574428,213049526.0,524902.0,97794981.91,457.9
2023-04-21,72086611,,,13951825.43,193.54
2021-04-20,18033503,,,14131329.01,783.62
2021-05-13,17205875,,,11329560.73,658.47
2022-07-11,64256048,,,43416281.0,675.68
2024-11-09,182727182,182484172.0,243010.0,29787404.91,163.02
2024-09-29,116011432,115939189.0,72243.0,13403457.83,115.54
2025-02-02,130783136,130681108.0,102028.0,16546741.57,126.52
2025-11-13,201527811,201101094.0,426717.0,91940406.95,456.22
2021-09-26,16060276,,,2536782.42,157.95
2022-09-20,72578132,,,40650076.19,560.09
2024-11-02,156761269,156485588.0,275681.0,23629806.26,150.74
2023-03-28,75239310,,,36710891.67,487.92
2025-08-07,244403748,243803058.0,600690.0,110296407.32,451.29
2021-12-12,23082767,,,3706423.66,160.57
2024-05-11,158720069,158633325.0,86744.0,24786317.01,156.16
2025-03-17,174947292,174459821.0,487471.0,105333599.35,602.09
2022-12-18,49336610,,,6947910.37,140.83
2025-07-31,223823187,217400856.0,6422331.0,122710593.74,548.25
2021-01-24,2593246,,,675172.02,260.36
2022-09-19,61762403,,,36161459.94,585.49
2023-04-09,56569681,,,7869515.69,139.11
2025-12-27,199193756,198739812.0,453944.0,30284818.42,152.04
2024-03-15,167355351,166861004.0,494347.0,80130093.66,478.8
2021-07-28,23702852,,,14327387.42,604.46
2024-01-18,125253129,125093882.0,159247.0,49087948.44,391.91
2025-11-22,209108706,208839526.0,269180.0,29767046.18,142.35
2023-01-06,99958110,,,52186171.95,522.08
2025-04-27,132245522,132171208.0,74314.0,14541088.32,109.96
2025-09-24,192995771,192166934.0,828837.0,87248315.71,452.07
2020-12-21,5958775,,,5922064.9,993.84
2021-09-04,28165373,,,6733474.4,239.07
2025-01-21,170962442,170617215.0,345227.0,79417287.53,464.53
2022-05-09,58788873,,,36675652.27,623.85
2025-03-28,200292214,199831234.0,460980.0,101427789.42,506.4
2025-05-04,143021059,142910967.0,110092.0,18558567.68,129.76
2021-02-04,8239245,,,7002028.39,849.84
2024-07-02,158768788,158535243.0,233545.0,73240871.82,461.31
2022-02-28,32953335,,,9841378.61,298.65
2024-10-30,164315050,163477763.0,837287.0,87222387.8,530.82
2023-09-14,105766805,,,44827927.63,423.84
2021-07-24,20818705,,,4302587.98,206.67
2024-11-01,202116064,201437680.0,678384.0,97694089.48,483.36
2024-08-14,154261521,153674607.0,586914.0,68619516.51,444.83
2022-08-05,89999414,,,53109294.38,590.11
2025-05-15,203155891,202530064.0,625827.0,105108380.68,517.38
2021-11-06,36475683,,,8765231.11,240.3
2021-10-05,38660923,,,25157004.6,650.71
2021-02-07,3961858,,,1127914.27,284.69
2025-01-16,160628033,160410046.0,217987.0,76851791.77,478.45
2021-01-28,6436942,,,5846217.16,908.23
2023-06-13,90032796,,,41638840.07,462.49
2021-11-07,21922002,,,4083954.42,186.29
2021-12-11,36303156,,,7800229.6,214.86
2023-10-01,79578708,,,10855029.85,136.41
2021-03-12,12095634,,,9479938.23,783.75
2021-02-21,3920144,,,965281.45,246.24
2022-04-28,46776835,,,26982665.84,576.84
2023-07-27,94677925,,,43632588.27,460.85
2023-05-18,85497109,,,36602150.39,428.11
2023-02-27,75819383,,,47943845.21,632.34
2025-01-18,168115842,168017416.0,98426.0,24553443.67,146.05
2021-09-14,29068328,,,18047897.0,620.88
2023-06-15,104027761,,,51780620.84,497.76
2025-06-09,212291943,211882554.0,409389.0,117636700.17,554.13
2023-01-05,80090956,,,43746350.79,546.21
2023-09-04,114120162,,,60355680.19,528.88
2024-01-08,144691870,144454746.0,237124.0,73203476.51,505.93
2024-08-22,158608453,158428907.0,179546.0,63713101.66,401.7
2023-05-27,83604885,,,13170966.3,157.54
2021-07-25,12988529,,,2194443.93,168.95
2024-08-02,181990761,181705616.0,285145.0,80619232.62,442.99
2024-03-30,130016241,129942438.0,73803.0,17797609.94,136.89
2025-09-11,205010308,204648349.0,361959.0,93305198.47,455.12
2025-07-04,257045946,256299871.0,746075.0,129434794.37,503.55
2024-10-04,222884143,221815525.0,1068618.0,111387352.99,499.75
2022-03-24,43192731,,,21777529.12,504.19
2023-05-01,59837588,,,10991801.25,183.69
2022-05-31,58964448,,,36380744.52,616.99
2026-01-02,201186471,200416426.0,770045.0,112789635.98,560.62
2022-04-19,47626409,,,28051748.31,589.0
2021-12-19,24313369,,,4218161.89,173.49
2022-10-10,82033474,,,52187036.63,636.17
2024-08-26,147465975,147225014.0,240961.0,79257676.08,537.46
2023-04-25,84414029,,,45553066.21,539.64
2025-05-05,209772900,209069033.0,703867.0,130471660.97,621.97
2024-07-15,159515931,158895892.0,620039.0,93555529.21,586.5
2022-03-01,28215805,,,6561521.57,232.55
2025-05-26,175622231,175273345.0,348886.0,98499416.6,560.86
2025-08-19,190008695,189724392.0,284303.0,91037850.3,479.12
2022-07-19,54437667,,,28810725.0,529.24
2023-09-13,110359294,,,45713975.38,414.23
2022-01-14,42683751,,,23674198.44,554.64
2021-04-16,16143306,,,11364533.45,703.98
2021-10-11,35006742,,,24216560.3,691.77
2022-06-06,69124456,,,45050652.52,651.73
2021-08-14,22721766,,,5004333.14,220.24
2021-02-22,9732717,,,9484308.15,974.48
2021-01-06,6264677,,,5668543.08,904.84
2023-04-15,85998081,,,15379540.57,178.84
2025-06-07,231070563,230844753.0,225810.0,38557105.83,166.86
2022-07-12,58725499,,,31449627.62,535.54
2021-04-09,17973331,,,12571503.33,699.45
2025-05-10,217939190,217532717.0,406473.0,36786992.35,168.79
2025-02-20,197242834,196342615.0,900219.0,109180382.7,553.53
2022-09-16,69182819,,,34677869.93,501.25
2022-12-31,66033591,,,10868657.06,164.59
2024-09-26,156183258,155975497.0,207761.0,69491185.36,444.93
2022-04-05,56587857,,,33822884.64,597.71
2022-10-16,41948958,,,5913305.32,140.96
2022-10-08,71735973,,,14088921.1,196.4
2021-09-01,33618042,,,21389034.7,636.24
2023-01-03,69232869,,,34692604.48,501.1
2021-04-19,13879818,,,11707511.11,843.49
2021-09-07,21091322,,,5481989.89,259.92
2024-05-10,182665265,182162406.0,502859.0,90048526.29,492.97
2022-05-04,55800371,,,31176188.06,558.71
2023-05-22,88772261,,,48649947.95,548.03
2023-09-01,133119349,,,64406462.71,483.82
2021-09-27,28691395,,,21096437.48,735.29
2025-02-12,172679813,171984602.0,695211.0,79956565.22,463.03
2023-04-17,87021938,,,53181016.17,611.12
2020-12-20,2910300,,,901678.35,309.82
2024-12-14,184339889,184183834.0,156055.0,29380908.9,159.38
2022-08-17,60626805,,,29838990.55,492.17
2020-12-10,4246652,,,4271782.47,1005.92
2021-11-30,46124302,,,31083294.86,673.9
2025-01-26,119493184,119430975.0,62209.0,13038874.04,109.12
2021-01-26,6178365,,,5979410.41,967.8
2023-04-14,96165031,,,46248382.29,480.93
2024-12-24,182728689,182520749.0,207940.0,56355276.98,308.41
2021-09-25,25668813,,,5088310.42,198.23
2021-09-22,29537470,,,17000545.73,575.56
2023-01-07,76184450,,,15308810.76,200.94
2022-11-19,67919597,,,12578891.55,185.2
2024-06-10,180385366,179890147.0,495219.0,105737670.17,586.18
2025-08-30,212817210,212612420.0,204790.0,34722117.14,163.15
2021-08-22,14913683,,,2454698.24,164.59
2022-02-11,47253343,,,26040436.84,551.08
2024-06-07,206772543,206410617.0,361926.0,90857461.78,439.41
2025-10-13,198970443,198524302.0,446141.0,117661418.61,591.35
2020-12-28,5133292,,,6022395.01,1173.2
2023-11-16,126231339,126027432.0,203907.0,67308090.98,533.21
2022-06-26,30468342,,,4132021.8,135.62
2022-04-27,45989242,,,25453133.39,553.46
2025-09-06,244010535,243773884.0,236651.0,41000013.07,168.03
2022-03-22,43717799,,,23554873.06,538.79
2021-02-28,4626212,,,1313209.78,283.86
2024-01-03,124510011,124110818.0,399193.0,57216667.69,459.53
2024-07-22,151288074,150925385.0,362689.0,84430676.32,558.08
2022-04-25,47246849,,,32639971.01,690.84
2024-12-23,208964869,208627721.0,337148.0,115790554.87,554.11
2023-06-06,124707739,,,58845687.88,471.87
2021-12-30,43383893,,,25708519.3,592.58
2024-08-28,152706925,152040803.0,666122.0,67822302.66,444.13
2023-04-29,89181156,,,17616641.94,197.54
2023-02-15,91147398,,,47167780.34,517.49
2022-06-05,35311623,,,5897513.57,167.01
2021-06-22,21740942,,,13246209.89,609.27
2024-11-29,239932329,239036273.0,896056.0,129965841.61,541.68
2021-07-27,23629791,,,14459427.78,611.92
2023-11-15,98716880,98551047.0,165833.0,16915173.16,171.35
2023-08-04,142433243,,,68703799.12,482.36
2023-05-21,58924879,,,7048304.18,119.62
2021-01-05,6655576,,,6438224.87,967.34
2023-08-30,107395872,,,54027002.09,503.06
2021-01-25,6108034,,,6238580.15,1021.37
2023-08-19,105095368,,,16217502.74,154.31
2023-01-08,49385275,,,7516158.46,152.19
2023-08-27,67494627,,,7224484.74,107.04
2022-10-18,66497255,,,33508598.58,503.91
2021-07-22,24349671,,,13786577.59,566.19
2022-04-23,41103348,,,7331463.12,178.37
2021-12-08,43651429,,,23441613.69,537.02
2022-06-11,53350290,,,10052789.22,188.43
2021-12-13,39168924,,,25994120.31,663.64
2022-06-07,70865824,,,37300882.72,526.36
2022-12-05,84232305,,,50238215.06,596.42
2023-12-18,134555538,134319231.0,236307.0,74247385.93,551.8
2021-04-05,16289268,,,14565114.31,894.15
2023-06-25,61336906,,,7138545.71,116.38
2022-01-29,34635894,,,7315616.63,211.21
2023-06-03,95158531,,,16777094.16,176.31
2024-09-22,119869039,119803908.0,65131.0,12793989.07,106.73
2021-04-15,16600302,,,12608566.41,759.54
2025-05-23,198379910,198079070.0,300840.0,89811373.23,452.72
2024-10-26,160076592,159982578.0,94014.0,22761324.6,142.19
2023-05-20,91252451,,,15483925.11,169.68
2023-05-12,98537340,,,44463524.44,451.24
2022-01-17,38511454,,,27180636.48,705.78
2022-08-11,63040842,,,31352800.56,497.34
2021-12-05,23633736,,,4355286.55,184.28
2023-02-20,61124781,,,13973700.07,228.61
2023-11-08,151462170,150884416.0,577754.0,62733413.43,414.19
2025-03-05,188703405,188109489.0,593916.0,127801353.89,677.26
2023-03-21,81694529,,,37604420.8,460.31
2023-12-19,139150531,138927637.0,222894.0,65462359.08,470.44
2025-02-25,170666844,170332951.0,333893.0,89837319.66,526.39
2022-09-12,68875034,,,45591932.16,661.95
2023-01-18,71903008,,,32894782.8,457.49
2021-03-09,12595330,,,9256848.42,734.94
2022-09-21,67432477,,,32429325.71,480.92
2021-02-25,8985272,,,8130893.82,904.91
2021-07-18,12571826,,,2177771.07,173.23
2023-10-14,106350041,,,16540718.86,155.53
2021-06-07,27112608,,,20827416.78,768.18
2023-02-14,77378368,,,37116240.79,479.67
2022-02-25,51599218,,,36256069.69,702.65
2022-10-23,41427598,,,5150070.05,124.31
2023-06-29,91729526,,,44955059.3,490.08
2024-06-08,174926267,174794071.0,132196.0,27996443.65,160.05
2022-09-24,58948636,,,10383610.57,176.15
2023-08-07,120665891,,,61347423.96,508.41
2021-03-26,11896345,,,9018407.05,758.08
2022-01-08,36252947,,,8426068.32,232.42
2025-08-06,257094613,255883143.0,1211470.0,127436464.69,495.68
2024-06-17,154992109,154546833.0,445276.0,86500726.16,558.1
2024-10-24,153069688,152867195.0,202493.0,62099355.38,405.69
2021-10-04,29323614,,,22043656.31,751.74
2022-07-31,36071134,,,5512143.25,152.81
2025-02-27,177922448,177587225.0,335223.0,89147068.37,501.04
2023-11-05,85221137,85120642.0,100495.0,11060631.5,129.79
2024-02-29,152157068,151767651.0,389417.0,76582618.92,503.31
2025-05-30,234708554,229499203.0,5209351.0,139240911.98,593.25
2022-05-05,62659802,,,35911850.91,573.12
2021-01-29,8760453,,,8542141.3,975.08
2021-07-30,32906974,,,23362508.0,709.96
2025-01-07,208784806,208346634.0,438172.0,102723179.58,492.01
2023-03-01,92212036,,,48923504.5,530.55
2022-10-25,67463211,,,36295112.51,538.0
2020-11-16,1515848,,,971013.58,640.57
2021-12-29,36986829,,,20799252.74,562.34
2021-10-08,42485818,,,25155844.13,592.1
2022-02-26,41357344,,,9173403.55,221.81
2020-11-15,161228,,,49204.61,305.19
2024-11-05,188570024,187912851.0,657173.0,100018692.0,530.41
2025-03-15,186503450,186291286.0,212164.0,29015855.67,155.58
2021-11-24,34866562,,,19139655.38,548.94
2022-09-13,64684863,,,34331092.4,530.74
2025-10-14,194103407,193750542.0,352865.0,98019211.71,504.98
2024-12-01,144002097,143730951.0,271146.0,20134007.14,139.82
2025-10-18,204823211,204617429.0,205782.0,29971238.23,146.33
2022-03-25,47743026,,,29459088.94,617.03
2025-06-26,184635489,184373601.0,261888.0,87211593.6,472.34
2020-12-19,3821515,,,1350547.52,353.41
2025-11-27,217112783,216584161.0,528622.0,103402383.76,476.26
2023-01-20,89642694,,,46191666.28,515.29
2022-02-01,44200898,,,27114481.29,613.44
2021-05-16,9070679,,,1935487.56,213.38
2021-02-15,6911188,,,3603607.83,521.42
2025-03-26,172029766,171289035.0,740731.0,77190474.09,448.7
2021-09-02,32231043,,,19878090.43,616.74
2021-10-27,32308662,,,18425855.57,570.31
2024-01-30,127643996,127436212.0,207784.0,62124931.03,486.7
2022-03-21,46422193,,,32444796.24,698.91
2022-07-06,76398122,,,40312954.79,527.67
2024-01-24,123517574,123141607.0,375967.0,52272776.8,423.2
2024-10-28,143737936,143516301.0,221635.0,79606576.06,553.83
2021-08-30,28752232,,,22840711.06,794.4
2022-04-01,57877688,,,34986856.98,604.5
2020-12-14,4479740,,,4761114.44,1062.81
2025-09-17,198088765,197321152.0,767613.0,90758686.19,458.17
2021-08-02,29663858,,,22455734.46,757.01
2024-06-21,173825960,173616036.0,209924.0,73828632.83,424.73
2022-01-13,36868468,,,19490440.6,528.65
2023-01-09,80991600,,,45303292.39,559.36
2024-12-08,149363611,149191750.0,171861.0,20181093.1,135.11
2022-07-09,55101180,,,10620747.53,192.75
2024-08-29,154176107,153962801.0,213306.0,69741188.13,452.35
2024-09-16,158735871,158417034.0,318837.0,95516501.84,601.73
2024-08-24,155481833,155404027.0,77806.0,21613098.63,139.01
2022-11-15,48814813,,,9802320.03,200.81
2024-06-05,178352829,177521734.0,831095.0,86167950.97,483.13
2023-03-10,100999022,,,54905828.06,543.63
2024-08-10,169163078,168887252.0,275826.0,27982280.01,165.42
2025-08-08,244186318,243580678.0,605640.0,116194859.9,475.85
2025-10-23,197761391,197394475.0,366916.0,83407720.36,421.76
2023-03-24,86845062,,,39904400.39,459.49
2024-11-19,182841451,182286402.0,555049.0,99100556.85,542.0
2025-09-16,194465020,194154675.0,310345.0,94680953.82,486.88
2021-05-08,17343843,,,4598344.46,265.13
2022-05-28,48059650,,,9049215.59,188.29
2025-09-20,214277887,213984982.0,292905.0,32084417.42,149.73
2021-07-11,13046696,,,2555040.63,195.84
2022-06-10,69959536,,,40829892.49,583.62
2024-02-03,137201667,137112442.0,89225.0,22313415.15,162.63
2021-05-17,18294732,,,15943521.64,871.48
2021-10-06,44765258,,,25643478.26,572.84
2023-03-13,81025999,,,45831396.86,565.64
2024-01-22,127878408,127678542.0,199866.0,69159079.26,540.82
2024-01-04,126964239,126795194.0,169045.0,55006342.68,433.24
2024-09-03,169498824,169227803.0,271021.0,76246169.05,449.83
2021-09-03,37646230,,,24302454.43,645.55
2024-03-29,110182878,110072792.0,110086.0,16884819.39,153.24
2021-06-21,22281320,,,16747608.12,751.64
2026-01-03,189246741,188783479.0,463262.0,29705102.91,156.96
2021-05-31,21183763,,,19082902.85,900.83
2021-03-19,12740172,,,9666147.49,758.71
2022-03-19,41684909,,,7707100.74,184.89
2024-02-06,168925012,168626671.0,298341.0,76838501.07,454.87
2022-12-23,95436379,,,44465310.26,465.92
2024-05-06,164494001,164155317.0,338684.0,93282235.13,567.09
2025-09-02,209259880,208818434.0,441446.0,103046266.41,492.43
2021-06-15,23709672,,,16794134.33,708.32
2024-03-04,142160275,141933648.0,226627.0,73438248.99,516.59
2023-11-01,140775319,140194573.0,580746.0,68185255.74,484.36
2022-04-03,28029597,,,4748561.87,169.41
2025-07-23,186476871,185697109.0,779762.0,82538424.38,442.62
2022-02-13,23691464,,,3591643.68,151.6
2024-09-21,165259955,165174413.0,85542.0,23286403.29,140.91
2022-04-02,44807208,,,9339879.22,208.45
2022-01-21,42897577,,,23681697.42,552.05
2025-08-31,154933607,154803495.0,130112.0,19658942.61,126.89
2022-06-28,50881872,,,29440479.51,578.6
2025-02-16,131048809,130962418.0,86391.0,15155211.51,115.65
2022-02-24,42361318,,,23963284.78,565.69
2024-08-25,110849001,110769145.0,79856.0,12380739.08,111.69
2022-03-20,26441269,,,4037951.73,152.71
2022-11-22,71975615,,,34045038.65,473.01
2023-05-19,102830504,,,47307681.9,460.05
2024-04-02,147016729,146803084.0,213645.0,69180856.66,470.56
2024-05-31,167334615,164173837.0,3160778.0,89363580.17,534.04
2025-02-19,169668639,168977995.0,690644.0,76947045.44,453.51
2025-06-27,205360549,204914653.0,445896.0,100816474.36,490.92
2023-02-16,84965806,,,38784584.04,456.47
2023-07-26,95671875,,,39944878.92,417.52
2022-08-04,63861507,,,34610921.04,541.97
2021-06-05,18988268,,,4949673.82,260.67
2024-06-26,147471862,146858355.0,613507.0,65248151.18,442.44
2024-05-26,100067006,100015089.0,51917.0,10948559.42,109.41
2025-01-23,162233997,162034510.0,199487.0,68004902.93,419.18
2025-03-22,180646032,180546032.0,100000.0,25340174.19,140.28
2025-08-12,194549485,194181251.0,368234.0,98415616.65,505.86
2021-10-17,17212937,,,2844161.28,165.23
2025-11-11,215940750,215491431.0,449319.0,106872815.71,494.92
2021-09-06,35746869,,,24461253.67,684.29
2021-02-13,6300178,,,1927211.05,305.9
2024-06-11,161611592,161411267.0,200325.0,71624736.84,443.19
2022-02-16,42467290,,,22159600.41,521.8
2025-10-15,215210581,214085495.0,1125086.0,121349726.95,563.87
2022-01-27,35903311,,,19437366.06,541.38
2022-10-13,67252089,,,37067471.57,551.17
2025-09-03,208797413,207891100.0,906313.0,99687538.84,477.44
2025-05-19,177378508,177044739.0,333769.0,98467736.06,555.13
2023-12-14,136639435,136446822.0,192613.0,58828620.06,430.54
2021-03-03,10616330,,,8432363.01,794.28
2025-11-20,188629846,188159226.0,470620.0,34197748.22,181.3
2023-04-20,104052510,,,56304190.31,541.11
2022-11-17,70800051,,,35956966.02,507.87
2023-07-08,109249145,,,18767616.78,171.79
2022-08-06,68123821,,,14409584.55,211.52
2022-02-22,42457697,,,24748621.1,582.9
2024-01-05,168083364,167541790.0,541574.0,82292390.46,489.59
2024-02-04,97364861,97300070.0,64791.0,11838752.47,121.59
2025-06-08,162419192,162281360.0,137832.0,21399619.65,131.76
2024-12-03,187735581,187385306.0,350275.0,89847348.79,478.58
2021-02-06,6972369,,,2255536.53,323.5
2023-11-28,118323095,118183067.0,140028.0,52052685.13,439.92
2021-05-19,18925479,,,11985417.17,633.3
2025-11-26,208072061,207517577.0,554484.0,99421934.97,477.82
2024-11-22,184165549,183891506.0,274043.0,86548447.12,469.95
2025-12-22,250666336,249715252.0,951084.0,162431875.31,648.0
2022-09-09,80052493,,,43001782.82,537.17
2023-03-17,86931538,,,40138943.83,461.73
2024-06-29,158023510,157786633.0,236877.0,25168939.27,159.27
2022-03-16,45587399,,,24176127.05,530.32
2023-09-08,133612604,,,57567615.82,430.85
2021-06-10,25600687,,,17629709.17,688.64
2024-04-10,160106368,159322341.0,784027.0,80347123.89,501.84
2021-01-22,6826694,,,6313862.64,924.88
2023-08-20,73297585,,,8633899.83,117.79
2022-01-26,36262009,,,19750949.41,544.67
2024-06-12,155053646,154549465.0,504181.0,65367954.84,421.58
2025-09-09,216418265,216050607.0,367658.0,99775077.6,461.03
2021-04-02,8213951,,,2675455.83,325.72
2022-05-29,30310050,,,4321456.46,142.58
2025-01-08,197333732,196543276.0,790456.0,90120967.18,456.69
2025-11-08,236250530,235918456.0,332074.0,38513876.82,163.02
2021-02-02,8050791,,,6798450.48,844.45
2023-01-04,71355607,,,34546842.96,484.15
2024-09-13,178961038,178655753.0,305285.0,80299098.64,448.7
2021-03-08,13401774,,,10823709.49,807.63
2025-03-12,184942410,184663255.0,279155.0,84578230.53,457.32
2023-03-30,82831550,,,44974804.91,542.97
2020-11-24,1873269,,,1887517.32,1007.61
2023-12-17,97236392,97162040.0,74352.0,11627452.28,119.58
2021-09-15,33436586,,,22115177.65,661.41
2021-01-02,2451605,,,817741.44,333.55
2023-03-06,101191230,,,60850819.93,601.34
2021-12-01,49293448,,,28998496.27,588.28
2021-07-15,27239159,,,19209994.37,705.23
2024-08-12,161936232,161618356.0,317876.0,95547162.65,590.03
2022-08-13,58883759,,,10938158.57,185.76
2021-05-10,22643061,,,19098963.7,843.48
2023-10-30,113507052,113250732.0,256320.0,68716811.54,605.4
2025-09-08,223622501,223153932.0,468569.0,119627526.8,534.95
2025-04-07,220179410,219616572.0,562838.0,122642744.27,557.01
2022-06-13,53553076,,,32561362.67,608.02
2023-02-13,78265165,,,43268717.28,552.85
2024-07-09,153613077,153443065.0,170012.0,59903143.92,389.96
2024-07-20,160216674,160045537.0,171137.0,24224848.2,151.2
2021-05-07,26550012,,,18078589.51,680.93
2022-01-22,33317912,,,6468675.91,194.15
2020-12-17,4606031,,,4479670.19,972.57
2024-07-10,173383632,172672186.0,711446.0,95830489.13,552.71
2023-09-05,127412429,,,66396347.15,521.11
2021-09-24,32496950,,,19389795.5,596.67
2021-10-23,29273441,,,5597554.46,191.22
2025-01-06,179386586,178896264.0,490322.0,111528206.32,621.72
2025-02-14,189141089,188747380.0,393709.0,85833225.62,453.81
2021-07-14,24579583,,,14676692.17,597.11
2025-01-15,171340111,170468757.0,871354.0,90824194.65,530.08
2022-07-08,73155129,,,39559253.11,540.76
2023-07-25,97004646,,,46307766.48,477.38
2022-12-22,89870386,,,41411205.26,460.79
2021-11-09,39891637,,,23285656.22,583.72
2024-08-19,152721416,152471601.0,249815.0,80598550.85,527.75
2021-08-03,27729244,,,17607194.18,634.97
2025-04-28,168717424,168274740.0,442684.0,92600031.25,548.85
2025-05-28,179571029,178667925.0,903104.0,83178256.06,463.21
2023-11-11,128107016,128038858.0,68158.0,20122359.78,157.07
2021-06-19,18492470,,,4078485.15,220.55
2023-10-08,90603377,,,11771987.18,129.93
2024-10-17,155185141,154939970.0,245171.0,69980354.47,450.95
2024-09-23,155927282,155694243.0,233039.0,79451451.94,509.54
2022-09-14,63657445,,,30924745.22,485.8
2024-08-17,157560512,157476940.0,83572.0,22759754.59,144.45
2025-04-15,208018569,207347039.0,671530.0,105665818.55,507.96
2021-04-18,6413482,,,1582863.33,246.8
2023-09-27,104271206,,,44441579.72,426.21
2023-11-17,138626829,138402300.0,224529.0,67344633.1,485.8
2024-03-10,110562649,110382803.0,179846.0,14826572.99,134.1
2021-10-28,33584349,,,20144060.16,599.8
2021-01-07,7430684,,,6732860.36,906.09
2024-12-26,165230195,164661334.0,568861.0,94787474.61,573.67
2024-01-27,121520150,121462911.0,57239.0,17437495.76,143.49
2024-12-31,168727927,168566224.0,161703.0,36082667.0,213.85
2025-03-01,193496744,193154021.0,342723.0,36715902.39,189.75
2021-09-18,25395691,,,5280537.81,207.93
2023-08-02,110939138,,,47001728.93,423.67
2025-08-14,190581729,190247439.0,334290.0,89123824.92,467.64
2021-03-23,10687860,,,7947398.01,743.59
2025-03-18,172573007,172334980.0,238027.0,79518408.58,460.78
2023-03-15,93253554,,,48434472.99,519.38
2023-05-23,84591202,,,36492776.1,431.4
2023-07-28,108283038,,,50827246.26,469.39
2024-12-12,186375133,186089811.0,285322.0,83509224.18,448.07
2021-08-25,27769189,,,17853652.14,642.93
2025-09-30,227266829,226160350.0,1106479.0,147445803.88,648.78
2025-10-09,218322509,217872729.0,449780.0,99790983.81,457.08
2024-12-28,172254730,172161937.0,92793.0,28045854.68,162.82
2022-05-22,30470985,,,4328454.91,142.05
2024-01-21,92817164,92767122.0,50042.0,10395889.64,112.0
2024-04-30,168012608,167257228.0,755380.0,98326473.48,585.23
2023-05-26,94407717,,,40524697.33,429.25
2022-07-03,34495745,,,5387914.63,156.19
2024-12-02,196966552,196493691.0,472861.0,118222880.57,600.22
2022-02-18,47958142,,,25916074.38,540.39
2023-09-06,152687206,,,76102651.06,498.42
2024-07-17,147309479,146741756.0,567723.0,63809621.51,433.17
2024-08-04,117950792,117866426.0,84366.0,15029189.62,127.42
2021-12-17,46205805,,,27561258.56,596.49
2021-05-18,17947101,,,11746388.6,654.5
2023-04-19,86017205,,,39095244.14,454.5
2022-05-24,48448568,,,25899839.97,534.58
2022-04-29,58905487,,,37993907.45,645.0
2023-06-21,101848936,,,42059600.97,412.96
2024-02-02,150233348,150028045.0,205303.0,60939122.17,405.63
2021-01-23,4377954,,,1303385.7,297.72
2023-02-05,52671820,,,7956760.97,151.06
2023-08-22,103683984,,,42052924.79,405.59
2023-01-27,78863769,,,36771467.73,466.27
2021-11-26,42057192,,,23475800.29,558.19
2025-04-20,133745666,133570522.0,175144.0,14756463.44,110.33
2024-04-28,99100008,99052624.0,47384.0,10722152.24,108.2
2024-05-02,159917617,159566242.0,351375.0,84137243.01,526.13
2022-08-31,68835028,,,39737827.99,577.29
2022-05-06,73267156,,,42151143.83,575.31
2021-07-01,27985785,,,19070280.05,681.43
2023-06-28,92197151,,,41006488.23,444.77
2021-12-10,50307220,,,31237079.64,620.93
2021-06-16,21324705,,,13821273.83,648.13
2025-03-30,137113826,137023269.0,90557.0,16542698.33,120.65
2025-06-30,210409515,204576822.0,5832693.0,156768342.84,745.06
2025-04-21,136318145,136201720.0,116425.0,21023437.13,154.22
2024-02-21,136107601,135690072.0,417529.0,54371230.51,399.47
2025-12-23,259496828,258658483.0,838345.0,147392163.36,567.99
2025-08-29,236611838,234576527.0,2035311.0,136235184.54,575.78
2022-06-24,54869471,,,27986787.17,510.06
2024-04-29,133913731,133709470.0,204261.0,73669316.34,550.13
2021-12-14,40055123,,,23102736.07,576.77
2021-10-24,17787490,,,2774237.5,155.97
2021-06-13,10690454,,,2004213.77,187.48
2025-05-03,193239738,193078632.0,161106.0,31263065.33,161.78
2022-06-12,33644724,,,4827435.47,143.48
2021-07-20,28204693,,,19023209.27,674.47
2025-06-04,201382483,200527193.0,855290.0,96240351.62,477.9
2022-10-17,66880994,,,43277410.03,647.08
2021-02-23,9033199,,,7514962.51,831.93
2024-04-18,137007511,136820858.0,186653.0,56625243.78,413.3
2023-10-13,119887508,,,52860141.79,440.91
2022-01-16,21217852,,,3384811.39,159.53
2021-08-28,25545867,,,5658627.76,221.51
2022-05-13,58326313,,,30714486.86,526.6
2022-05-30,51384670,,,36481984.26,709.98
2025-01-13,158730927,158458698.0,272229.0,86778663.3,546.7
2022-05-11,56351237,,,29768971.72,528.28
2021-08-23,27236546,,,18806411.17,690.48
2021-03-30,12274293,,,10425175.31,849.35
2023-06-23,102060207,,,42974794.35,421.07
2023-10-12,91539367,,,14707743.24,160.67
2021-12-04,38135207,,,8908868.95,233.61
2025-12-13,227287489,226839794.0,447695.0,37261907.23,163.94
2024-06-15,158537819,158387874.0,149945.0,24379557.04,153.78
2025-01-22,166805399,166199397.0,606002.0,71842987.05,430.7
2025-08-13,192399300,191629176.0,770124.0,92548414.4,481.02
2025-11-15,204727959,204318802.0,409157.0,30808471.47,150.48
2024-04-11,145882656,145699982.0,182674.0,62483015.4,428.31
2020-11-08,7049,,,1493.58,211.88
2023-12-06,168611487,167892111.0,719376.0,76582645.35,454.2
2022-03-06,28292133,,,4975708.59,175.87
2025-06-25,187330339,186392712.0,937627.0,97052716.86,518.08
2024-12-05,206122534,205464895.0,657639.0,105432957.53,511.51
2021-10-26,31542128,,,18616560.35,590.21
2022-07-01,70731934,,,41886877.09,592.19
2025-04-14,178252137,177904990.0,347147.0,97990190.49,549.73
2023-09-03,77245458,,,9469093.35,122.58
2024-12-25,103419131,103308021.0,111110.0,13523284.32,130.76
2025-05-29,178681123,178284220.0,396903.0,84293527.71,471.75
2025-06-29,141435095,141356461.0,78634.0,16896506.58,119.46
2022-04-24,27306881,,,3911360.87,143.24
2023-04-12,87299300,,,40142654.62,459.83
2024-08-15,169918722,169318577.0,600145.0,79267863.5,466.5
2025-12-11,231042893,230428786.0,614107.0,110608651.53,478.74
2022-05-02,55824791,,,39690575.91,710.98
2024-10-03,173315910,173020131.0,295779.0,81132009.54,468.12
2025-08-04,202895323,202391734.0,503589.0,121990005.19,601.25
2024-01-25,123022513,122861308.0,161205.0,50339174.75,409.19
2023-12-11,139471063,139223234.0,247829.0,81472966.68,584.16
2023-09-24,75535971,,,7972267.91,105.54
2021-05-29,17149771,,,4201272.76,244.98
2025-04-24,176426095,176162762.0,263333.0,80170907.44,454.42
2023-11-29,125878666,125395788.0,482878.0,56536086.76,449.13
2025-01-19,123701480,123603337.0,98143.0,15165338.9,122.6
2025-05-01,167187561,166855968.0,331593.0,31520896.13,188.54
2024-04-24,140251144,139769885.0,481259.0,55730685.92,397.36
2021-07-29,23861477,,,15082823.19,632.1
2025-09-14,151161814,151046695.0,115119.0,17768645.8,117.55
2022-07-07,75384880,,,36648280.2,486.15
2020-11-11,216871,,,85757.62,395.43
2023-08-18,120983979,,,51943192.53,429.34
2023-02-28,91074225,,,54975392.52,603.63
2022-05-07,56961087,,,12256707.76,215.18
2024-04-07,118941687,118859085.0,82602.0,15596978.22,131.13
2022-12-19,79525876,,,48422267.23,608.89
2025-11-14,238346960,237715597.0,631363.0,117776626.4,494.14
2025-12-03,232291523,231641306.0,650217.0,109804579.99,472.7
2025-04-17,219499308,218806426.0,692882.0,113553110.41,517.33
2021-07-08,28626004,,,17490222.09,610.99
2022-11-18,82195977,,,41045807.81,499.37
2024-04-05,201594023,200905165.0,688858.0,105109877.19,521.39
2020-12-22,5565693,,,4993481.79,897.19
2024-08-09,183109879,182785155.0,324724.0,82348455.39,449.72
2025-12-20,265045473,264317460.0,728013.0,46822730.92,176.66
2023-12-09,139473703,139390181.0,83522.0,23830378.69,170.86
2022-08-08,70271258,,,40158971.02,571.49
2022-02-19,38396721,,,7287157.33,189.79
2024-03-28,163541702,163167744.0,373958.0,91641538.4,560.36
2025-08-09,218173362,217985634.0,187728.0,34892581.27,159.93
2024-03-22,148355543,148188837.0,166706.0,62614719.18,422.06
2024-03-11,151797176,151499677.0,297499.0,82185716.56,541.42
2023-01-15,46720589,,,6461537.28,138.3
2023-08-21,108898568,,,58857158.37,540.48
2024-02-27,123964256,123829782.0,134474.0,53615928.45,432.51
2020-11-03,2345,,,210.24,89.65
2024-02-28,130368794,130200742.0,168052.0,57874927.8,443.93
2024-12-20,252126990,250766508.0,1360482.0,162902257.78,646.11
2025-06-05,225423985,224657346.0,766639.0,112721784.14,500.04
2022-11-12,67753805,,,12622494.18,186.3
2024-06-13,146310122,146158360.0,151762.0,58307813.2,398.52
2021-05-06,19801453,,,14358309.4,725.11
2022-08-03,61578013,,,32274187.0,524.12
2021-03-14,4802850,,,1237954.94,257.75
2022-06-30,65242367,,,41142322.38,630.61
2022-11-14,69566169,,,39199257.03,563.48
2021-08-20,33783850,,,21813279.54,645.67
2021-03-04,10798392,,,9222008.92,854.02
2023-12-29,141863350,141660293.0,203057.0,45658384.12,321.85
2024-11-26,164652410,164409085.0,243325.0,79006361.9,479.84
2024-07-14,111073543,111005441.0,68102.0,13031216.99,117.32
2023-07-24,93535771,,,47079936.22,503.34
2021-05-04,18089788,,,13018939.14,719.68
2021-10-21,33360845,,,18333097.03,549.54
2021-12-22,46338986,,,25092073.68,541.49
2023-03-09,87988672,,,38704380.54,439.88
2024-07-13,150001870,149927164.0,74706.0,23001507.93,153.34
2025-02-11,178400432,178126022.0,274410.0,81199293.9,455.15
2021-06-12,17624444,,,3916426.32,222.22
2024-12-22,154699875,154613675.0,86200.0,20087456.85,129.85
2021-08-17,25829033,,,16272337.79,630.0
2023-04-11,91537885,,,46986970.67,513.31
2021-04-17,10642982,,,2865282.39,269.22
2024-05-15,163366062,162234810.0,1131252.0,82767906.01,506.64
2021-01-03,2061213,,,668476.07,324.31
2025-11-16,157776083,157553276.0,222807.0,18996839.25,120.4
2025-09-05,289963765,288759020.0,1204745.0,164847134.14,568.51
2022-01-19,37369102,,,20497677.56,548.52
2024-11-20,150571530,150262936.0,308594.0,27604536.43,183.33
2023-02-02,80319586,,,37228039.85,463.5
2025-10-12,155496171,155321768.0,174403.0,18253452.01,117.39
2022-07-05,67269426,,,41389932.09,615.29
2020-11-28,1934940,,,789826.32,408.19
2023-12-07,161605959,161277914.0,328045.0,69930836.86,432.72
2021-11-28,19501839,,,3137366.76,160.88
2024-04-06,171416415,171277336.0,139079.0,29721734.99,173.39
2023-06-20,106400820,,,55266248.89,519.42
2025-07-05,231779645,231400161.0,379484.0,42017149.4,181.28
2024-01-28,86750494,86708445.0,42049.0,9204713.68,106.11
2023-10-31,127300335,126978106.0,322229.0,66392339.51,521.54
2021-05-11,19568660,,,13221187.02,675.63
2020-11-12,288401,,,118321.97,410.27
2025-04-18,149954001,149814914.0,139087.0,22601383.87,150.72
2024-03-02,143437489,143337178.0,100311.0,23722153.37,165.38
2023-10-04,121225688,,,52684714.25,434.6
2025-03-02,136064361,135956089.0,108272.0,16911161.52,124.29
2023-01-28,68998805,,,11932537.25,172.94
2022-10-22,64492833,,,11009879.72,170.71
2023-06-01,104980058,,,50753177.63,483.46
2021-01-21,6612862,,,5486086.84,829.61
2025-01-20,182099437,181228508.0,870929.0,117358207.37,644.47
2023-02-07,96251626,,,46427745.12,482.36
2022-03-18,51865739,,,27878721.4,537.52
2024-06-14,167374933,167088177.0,286756.0,74841293.38,447.15
2024-04-12,151517342,151295948.0,221394.0,66269822.64,437.37
2023-03-08,94105213,,,41315943.7,439.04
2025-08-26,185434317,185170667.0,263650.0,89384934.4,482.03
2023-08-05,122324225,,,22858563.35,186.87
2021-11-19,41473269,,,24595754.4,593.05
2024-05-07,190262551,189917057.0,345494.0,88270683.23,463.94
2023-02-08,89166072,,,39572611.28,443.81
2023-01-11,76315113,,,35994422.97,471.66
2025-03-24,167911312,167599505.0,311807.0,90095802.59,536.57
2021-03-15,12834733,,,11093474.33,864.33
2020-12-16,4678531,,,4263257.15,911.24
2025-10-07,252460339,251875807.0,584532.0,123430908.72,488.91
2023-11-02,97055172,96965820.0,89352.0,17317673.64,178.43
2023-06-19,90306458,,,46675144.14,516.85
2021-10-20,37664131,,,23636028.95,627.55
2020-11-07,11089,,,2333.89,210.47
2024-11-21,175533788,175050023.0,483765.0,105521280.09,601.15
2024-01-26,132614157,132432235.0,181922.0,56585185.29,426.69
2024-03-31,95461311,95396799.0,64512.0,11023401.93,115.48
2022-05-10,60736332,,,37737823.64,621.34
2020-11-19,1638797,,,1710098.64,1043.51
2023-04-18,84950555,,,39944074.65,470.2
2023-08-29,96842585,,,43417689.2,448.33
2020-11-30,3500313,,,4265689.59,1218.66
2025-07-09,195999002,195238919.0,760083.0,75286681.06,384.12
2024-10-18,186393373,185821153.0,572220.0,93697205.74,502.69
2022-05-26,49619586,,,24655373.34,496.89
2025-08-03,152895930,152762803.0,133127.0,19108166.81,124.97
2023-03-31,102028916,,,54473161.87,533.9
2024-04-25,142673946,142453106.0,220840.0,64245450.55,450.3
2023-04-13,82593434,,,39706202.95,480.74
2021-10-16,28117016,,,6027984.07,214.39
2022-02-12,37240482,,,7130228.55,191.46
2021-04-10,12004964,,,3572581.99,297.59
2022-07-15,67807069,,,40306463.09,594.43
2022-02-23,41822924,,,21556334.02,515.42
2025-08-11,209735691,209135430.0,600261.0,133790430.74,637.9
2023-10-07,133551445,,,23324358.01,174.65
2022-04-09,48823496,,,9926734.39,203.32
2021-04-06,15877274,,,12200330.26,768.41
2021-12-02,43089997,,,22748341.48,527.93
2024-09-24,154532292,154308951.0,223341.0,66622143.97,431.12
2025-01-09,182272902,181992277.0,280625.0,78048602.58,428.2
2023-11-27,116538540,116377796.0,160744.0,63096342.35,541.42
2022-08-18,57712915,,,28720821.86,497.65
2023-10-05,135152743,,,67622940.03,500.34
2022-05-21,49634665,,,9280396.08,186.97
2025-07-03,199497676,199101229.0,396447.0,97250630.83,487.48
2022-01-20,42687488,,,25565498.01,598.9
2023-07-01,102016820,,,19115288.79,187.37
2024-09-15,118417098,118257931.0,159167.0,14179934.21,119.75
2025-02-17,172299108,171857060.0,442048.0,99516217.6,577.58
2022-03-15,51091493,,,30958218.49,605.94
2022-12-04,49790888,,,7539464.93,151.42
2025-04-03,193883789,193526567.0,357222.0,86893866.52,448.17
2025-04-22,185559762,185084557.0,475205.0,121898550.94,656.92
2022-05-08,33512094,,,5670880.95,169.22
2024-06-20,176031257,175161649.0,869608.0,96126579.55,546.08
2025-10-16,201424617,201011915.0,412702.0,95048367.7,471.88
2023-10-29,77983193,77935023.0,48170.0,8630338.02,110.67
2025-09-15,208420446,207750716.0,669730.0,134237802.7,644.07
2022-06-25,48371249,,,8419020.53,174.05
2025-10-10,248030449,247026571.0,1003878.0,136724386.13,551.24
2024-11-27,168154485,167346458.0,808027.0,80706845.21,479.96
2025-04-01,200555594,199999927.0,555667.0,105547506.22,526.28
2021-05-14,20487133,,,13857734.08,676.41
2024-01-02,119331741,119062234.0,269507.0,74172474.96,621.57
2022-08-29,53691061,,,35086388.0,653.49
2022-04-20,59724436,,,36801207.2,616.18
2025-05-07,245999585,244927534.0,1072051.0,116712955.97,474.44
2025-08-01,238058251,237288478.0,769773.0,122867978.06,516.13
2025-07-07,223983347,223401082.0,582265.0,128816004.18,575.11
2023-09-30,116809866,,,20350192.8,174.22
2022-03-14,44281953,,,29190741.73,659.2
2024-02-23,140374856,140196157.0,178699.0,57142927.59,407.07
2022-11-13,43852791,,,5817349.32,132.66
2021-06-11,24780555,,,14999058.31,605.28
2024-03-25,132915848,132703412.0,212436.0,73967678.39,556.5
2022-05-23,49965045,,,30098739.51,602.4
2025-01-10,197943239,197304895.0,638344.0,104441029.41,527.63
2022-06-29,51988335,,,28463260.75,547.49
2023-12-16,137554836,137422727.0,132109.0,22494600.37,163.53
2021-07-12,26942414,,,21604780.9,801.89
2022-10-11,76396263,,,39042802.21,511.06
2024-03-01,168090502,167686383.0,404119.0,80042600.68,476.19
2022-09-04,39010488,,,5857302.45,150.15
2021-05-03,18598298,,,16202375.74,871.18
2023-02-10,95375606,,,52436073.86,549.78
2025-03-19,172816270,172111315.0,704955.0,76966828.85,445.37
2022-04-11,55939866,,,39594112.41,707.8
2022-11-16,72479209,,,44131522.52,608.89
2023-09-25,103398937,,,57482112.95,555.93
2021-03-01,11347173,,,11304643.46,996.25
2024-09-25,158533320,157657186.0,876134.0,76158652.21,480.4
2020-12-31,4109712,,,2182091.47,530.96
2020-12-11,4270741,,,4170689.95,976.57
2023-05-13,91481108,,,15590295.04,170.42
2021-11-08,42464500,,,27452737.29,646.49
2021-09-21,30428774,,,18714939.17,615.04
2020-11-09,88184,,,37004.03,419.62
2023-11-13,122087649,121913173.0,174476.0,63645969.39,521.31
2024-02-24,129638836,129576822.0,62014.0,18555900.95,143.14
2024-11-18,165673062,165266547.0,406515.0,112181364.33,677.12
2021-05-09,9273297,,,2233845.91,240.89
2022-06-04,54896072,,,11425015.5,208.12
2022-06-01,62959489,,,35770812.08,568.16
2025-07-28,172352356,171962892.0,389464.0,102265212.3,593.35
2025-02-18,166347792,166117293.0,230499.0,75317879.38,452.77
2021-02-05,13185267,,,11395309.48,864.25
2021-04-28,14378972,,,10810542.7,751.83
2023-07-15,98209462,,,16243552.03,165.4
2021-12-31,33736977,,,9240234.93,273.89
2021-01-27,6224330,,,5538994.24,889.89
2021-12-23,47305144,,,27861677.71,588.98
2024-02-01,145146001,144826383.0,319618.0,66348352.61,457.11
2025-06-11,196583945,195797004.0,786941.0,89935366.43,457.49
2021-12-03,47360791,,,26626927.02,562.21
2022-09-11,40968458,,,6119811.23,149.38
2025-06-03,196973637,196583308.0,390329.0,92558580.09,469.9
2023-03-12,53230070,,,8072852.15,151.66
2023-06-17,90730937,,,14770563.07,162.8
2022-12-13,77293802,,,38976611.91,504.27
2021-11-21,20136664,,,3148873.08,156.38
2023-09-21,116233434,,,45447407.71,391.0
2021-06-06,11709225,,,2489314.28,212.59
2023-09-02,112403068,,,19051925.9,169.5
2025-03-13,175904990,175651115.0,253875.0,76605043.88,435.49
2021-08-13,29929034,,,18223563.68,608.89
2025-04-23,177374156,176707276.0,666880.0,85880899.54,484.18
2023-10-11,129022401,,,59061007.89,457.76
2025-05-27,175886277,175639647.0,246630.0,82367175.64,468.3
2023-12-08,155364013,155093214.0,270799.0,62614232.61,403.02
2021-04-01,16559387,,,13531711.42,817.16
2021-11-27,30716979,,,6138643.11,199.85
2022-07-27,54124330,,,28042983.97,518.12
2024-10-20,121437031,121278932.0,158099.0,14717379.88,121.19
2022-12-14,79465954,,,38415200.72,483.42
2025-02-09,142450109,142340668.0,109441.0,18606353.85,130.62
2022-08-09,67094913,,,34284272.23,510.98
2024-01-23,121817651,121707814.0,109837.0,51114912.29,419.6
2021-04-29,14668577,,,11737484.02,800.18
2024-07-12,162035803,161817699.0,218104.0,72380714.36,446.7
2023-06-24,86604033,,,13329992.05,153.92
2021-02-27,7337695,,,2305342.58,314.18
2024-03-03,102305852,102244862.0,60990.0,12681755.81,123.96
2023-07-23,66797881,,,7253702.63,108.59
2020-12-07,4019110,,,4527911.05,1126.6
2025-12-12,236377635,235649441.0,728194.0,122989198.12,520.31
2024-06-09,123554195,123461848.0,92347.0,16070676.29,130.07
2022-08-12,68888675,,,34585991.12,502.06
2025-12-19,296018475,294276759.0,1741716.0,193473609.41,653.59
2025-12-24,231725921,230995491.0,730430.0,73155008.74,315.7
2025-05-02,214624302,214049410.0,574892.0,113875404.53,530.58
2022-04-21,36659748,,,7707944.58,210.26
2021-03-25,11419576,,,9217657.03,807.18
2021-10-25,32143659,,,23435445.8,729.08
2025-03-14,198953868,198547485.0,406383.0,94530699.31,475.14
2023-09-23,106793364,,,15696815.12,146.98
2023-12-04,135044649,134811329.0,233320.0,69902889.26,517.63
2023-05-16,87532226,,,41731109.01,476.75
2023-01-30,71570940,,,45949149.94,642.01
2021-04-30,20834105,,,18946885.44,909.42
2021-02-26,11897931,,,11097480.2,932.72
2021-04-11,7044510,,,1753070.83,248.86
2022-11-26,67178990,,,12147108.82,180.82
2024-12-04,187956386,187157274.0,799112.0,89346865.6,475.36
2021-08-12,26284328,,,15657105.68,595.68
2024-06-06,199387214,198941558.0,445656.0,88618910.08,444.46
2021-10-19,30354077,,,18611920.29,613.16
2021-03-07,5683600,,,1606468.54,282.65
2023-08-08,120118422,,,52738828.38,439.06
2023-07-04,103189169,,,49736620.79,481.99
2020-11-13,675142,,,334582.87,495.57
2025-08-25,189089868,188662667.0,427201.0,117544078.75,621.63
2024-01-17,122257486,121858625.0,398861.0,51088260.92,417.87
2023-01-31,83028583,,,47485913.11,571.92
2024-12-21,213637544,213470679.0,166865.0,37485289.01,175.46
2025-06-01,151194307,150934693.0,259614.0,20714879.11,137.01
2024-07-07,128464479,128369359.0,95120.0,16624183.79,129.41
2020-11-06,57936,,,21133.81,364.78
2024-10-14,149863049,149610010.0,253039.0,78459144.76,523.54
2024-04-08,157318279,157053721.0,264558.0,80012289.3,508.6
2024-04-14,103924246,103861563.0,62683.0,12078624.54,116.23
2024-10-25,176126658,175611198.0,515460.0,85223585.28,483.88
2022-05-25,53159243,,,31333944.31,589.44
2025-12-16,225891946,225277347.0,614599.0,118711235.38,525.52
2023-03-22,80493349,,,35225562.98,437.62
2022-07-28,54861200,,,29231568.47,532.83
2020-12-15,4925857,,,5347981.72,1085.7
2022-07-10,38764059,,,6551573.11,169.01
2025-12-15,234980186,234023224.0,956962.0,166340548.41,707.89
2024-05-05,113085201,112927861.0,157340.0,14583581.19,128.96
2025-11-12,205978753,205431472.0,547281.0,97387052.71,472.8
2023-03-14,77654777,,,38154228.93,491.33
2022-02-14,41293592,,,26243590.83,635.54
2024-04-04,150057346,149823380.0,233966.0,66120213.65,440.63
2023-09-11,125146395,,,73383748.27,586.38
2021-11-02,22959513,,,5438702.97,236.88
2023-08-24,101390735,,,40739854.0,401.81
2025-08-10,155819376,155435664.0,383712.0,21350350.64,137.02
2021-08-27,28170541,,,17366603.99,616.48
2024-08-18,113718816,113658757.0,60059.0,12350815.14,108.61
2022-12-17,75195106,,,14225146.49,189.18
2025-05-25,138506583,138398709.0,107874.0,15471355.86,111.7
2022-06-23,54265561,,,26024567.06,479.58
2021-03-24,10769070,,,8077549.13,750.07
2021-12-06,49646931,,,33260774.15,669.95
2022-10-19,68378275,,,32197411.56,470.87
2025-03-23,132189395,132126548.0,62847.0,14529813.6,109.92
2020-11-14,247320,,,75222.74,304.15
2024-05-04,154909986,154803348.0,106638.0,25680026.19,165.77
2023-10-09,130726924,,,64531095.45,493.63
2024-02-25,92985040,92922464.0,62576.0,10070399.97,108.3
2024-11-24,121410359,121297821.0,112538.0,13970566.92,115.07
2023-12-05,147133048,146769056.0,363992.0,74416485.7,505.78
2024-01-20,132613169,132482337.0,130832.0,20562268.87,155.05
2025-06-21,193945475,193818116.0,127359.0,28164649.03,145.22
2023-11-04,117859842,117791192.0,68650.0,19581293.49,166.14
2024-11-28,174117402,173778615.0,338787.0,83315008.64,478.5
2021-04-03,9062830,,,2301887.93,253.99
2021-03-02,11102218,,,9114573.84,820.97
2021-05-28,22625371,,,15474907.49,683.96
2025-01-12,121863613,121786276.0,77337.0,13972253.77,114.65
2022-03-17,44708969,,,23143092.42,517.64
2022-03-08,54046554,,,28951894.46,535.68
2021-12-27,35535064,,,23374916.66,657.8
2023-08-31,120693552,,,61716280.05,511.35
2023-08-23,104037580,,,40823849.05,392.4
2022-10-07,93568655,,,46914848.17,501.39
2021-02-09,10180755,,,7641001.12,750.53
2023-08-25,114036724,,,53199446.1,466.51
2023-10-26,111327042,,,45821852.75,411.6
2021-10-03,18201441,,,3294638.15,181.01
2024-03-26,132824294,132683565.0,140729.0,60018146.28,451.86
2021-07-09,27046393,,,13929115.22,515.01
2025-10-11,214198223,213960814.0,237409.0,33149109.59,154.76
2022-07-30,56358618,,,10996114.56,195.11
2023-05-10,105414152,,,54480742.58,516.83
2022-04-22,49540184,,,26536502.48,535.66
2020-12-12,3137715,,,1063724.77,339.01
2022-11-10,81973050,,,44876475.34,547.45
2025-10-06,255109086,254312870.0,796216.0,158559004.13,621.53
2023-10-27,124772611,,,53534417.35,429.06
2025-01-14,153820115,153624323.0,195792.0,70577797.59,458.83
2025-07-29,176095967,175778050.0,317917.0,85684556.21,486.58
2022-02-15,47235102,,,29541821.05,625.42
2021-11-01,36483495,,,24223822.91,663.97
2024-05-01,126230056,126000734.0,229322.0,22973789.74,182.0
2024-02-19,127102196,126909191.0,193005.0,63478640.88,499.43
2023-03-05,56615812,,,8443426.39,149.14
2021-01-19,6374252,,,5641803.84,885.09
2021-08-11,27981443,,,17187878.77,614.26
2023-01-01,31638899,,,4601315.3,145.43
2022-05-01,30873902,,,5378956.28,174.22
2021-03-10,13464664,,,10828316.98,804.2
2022-02-20,24836677,,,3845431.59,154.83
2025-11-10,242006032,240974542.0,1031490.0,158867333.36,656.46
2021-08-15,14437291,,,2746297.53,190.22
2024-06-04,158649639,158412583.0,237056.0,72471425.44,456.8
2025-08-05,223323559,222567489.0,756070.0,123244062.11,551.86
2024-09-19,159592177,159339412.0,252765.0,69477910.83,435.35
2022-07-02,54672641,,,10963686.01,200.53
2023-08-03,110835014,,,48729430.31,439.66
2023-03-11,80424761,,,15232134.58,189.4
2024-10-21,163667165,163235938.0,431227.0,94515849.64,577.49
2025-07-02,197137911,196281497.0,856414.0,89962341.73,456.34
2021-01-18,6271988,,,6233589.2,993.88
2021-08-16,27555285,,,22807555.28,827.7
2025-09-12,215457136,215077643.0,379493.0,101458374.87,470.9
2025-11-17,207750807,207166794.0,584013.0,129700242.12,624.31
2025-03-21,200262041,199962738.0,299303.0,89867688.92,448.75
2022-07-26,53520194,,,30823938.17,575.93
2021-11-20,32886351,,,6724689.97,204.48
2022-05-20,62274737,,,35549561.72,570.85
2022-04-17,25651170,,,3659494.08,142.66
2023-02-03,86058974,,,44769174.73,520.22
2024-07-06,183790321,183645268.0,145053.0,31134542.93,169.4
2025-11-09,173692205,173440390.0,251815.0,23324629.44,134.29
2024-03-23,134698244,134637196.0,61048.0,19221210.23,142.7
2025-08-02,211170569,210955289.0,215280.0,33483106.63,158.56
2025-06-20,223024260,221873616.0,1150644.0,131444333.7,589.37
2021-12-07,48808533,,,27966333.47,572.98
2022-09-17,59061107,,,10621506.58,179.84
2023-12-12,141773179,141564642.0,208537.0,61973574.65,437.13
2024-05-28,139976309,139837164.0,139145.0,65386359.13,467.12
2023-02-09,83457646,,,37771322.11,452.58
2024-11-03,122640241,122456634.0,183607.0,15293532.37,124.7
2022-01-18,36802612,,,20661927.26,561.43
2024-09-18,158818407,158228392.0,590015.0,66223216.21,416.97
2023-07-16,67448882,,,8105531.25,120.17
2023-07-17,98447274,,,56303224.55,571.91
2025-09-07,172586584,172416694.0,169890.0,22231901.11,128.82
2025-07-26,189672111,189554192.0,117919.0,26590699.1,140.19
2024-12-27,181830581,181517589.0,312992.0,98273596.65,540.47
2024-02-05,148188928,147828966.0,359962.0,82446892.87,556.36
2023-12-31,93984595,93917225.0,67370.0,11380363.52,121.09
2023-05-15,94577703,,,57879895.76,611.98
2022-12-25,32853500,,,4506867.98,137.18
2023-04-16,56880200,,,7259807.44,127.63
2025-12-17,227542293,226759650.0,782643.0,118785186.0,522.04
2021-11-22,36693723,,,24248466.17,660.83
2021-06-08,26824445,,,16395215.15,611.2
2025-10-08,229880723,229329292.0,551431.0,109848182.48,477.85
2023-09-29,133535554,,,74495129.25,557.87
2022-07-29,70832961,,,43063494.16,607.96
2024-06-16,113346940,113284953.0,61987.0,13215101.4,116.59
2022-08-07,41505135,,,6578085.72,158.49
2025-06-24,169266020,169043287.0,222733.0,77527179.58,458.02
2022-07-14,55039752,,,28425868.15,516.46
2023-04-10,105667115,,,69849966.72,661.04
2021-12-25,14906018,,,2735837.28,183.54
2022-02-17,42089417,,,21393442.86,508.29
2024-09-14,162330219,162237621.0,92598.0,23391827.26,144.1
2025-04-26,181844561,181742743.0,101818.0,26023553.59,143.11
2024-05-30,124519884,124403025.0,116859.0,21765744.89,174.8
2025-06-23,183417167,183101913.0,315254.0,102950034.21,561.29
2023-05-14,58244317,,,7145275.47,122.68
2023-07-22,96434795,,,14506473.52,150.43
2024-07-08,168885442,168607232.0,278210.0,88533580.43,524.22
2021-12-24,37760232,,,14182311.24,375.59
2025-05-22,181236125,180980105.0,256020.0,79395807.03,438.08
2021-04-26,14572586,,,13396639.04,919.3
2023-10-28,112851287,,,17198281.98,152.4
2023-07-02,66809532,,,9012893.48,134.9
2024-04-01,149750015,149345803.0,404212.0,94928231.19,633.91
2022-08-14,35592763,,,4887534.82,137.32
2023-10-02,123229647,,,72835828.86,591.06
2020-12-05,2640884,,,1042062.0,394.59
2025-03-20,204448148,203454979.0,993169.0,116603924.78,570.33
2021-05-05,20247886,,,15288287.04,755.06
2023-10-10,134536095,,,69450816.01,516.22
2024-05-27,136006176,135827587.0,178589.0,71656744.62,526.86
2021-03-28,4830093,,,1097370.92,227.19
2025-10-05,171325416,170979580.0,345836.0,22725342.52,132.64
2023-01-02,66785488,,,43578076.83,652.51
2020-11-05,16669,,,2685.84,161.13
2025-12-14,171722934,171322388.0,400546.0,22054233.71,128.43
2023-01-25,72449677,,,33909938.23,468.05
2023-11-06,135182602,134922238.0,260364.0,82170420.65,607.85
2025-09-28,144736824,144606321.0,130503.0,16245262.97,112.24
2025-09-29,184773212,184210592.0,562620.0,117381334.46,635.27
2023-07-20,111026917,,,53029296.74,477.63
2023-09-07,102665458,,,18798870.35,183.11
2023-12-30,131879942,131781138.0,98804.0,20412813.09,154.78
2022-06-22,55592067,,,28135104.87,506.1
2021-07-13,25692651,,,15527073.47,604.34
2022-06-03,66017788,,,35948855.82,544.53
2025-08-28,192263016,191792153.0,470863.0,93138935.34,484.44
2022-01-12,37875536,,,21325178.9,563.03
2023-09-22,121174722,,,48424249.7,399.62
2020-12-13,1827014,,,547498.84,299.67
2021-09-16,29115784,,,17988658.98,617.83
2022-10-15,62680879,,,12036295.99,192.03
2022-07-25,52591382,,,31964738.89,607.79
2021-07-19,23219250,,,16843797.31,725.42
2022-10-14,76968234,,,40086771.9,520.82
2021-08-18,25061512,,,15406606.67,614.75
2021-12-26,18578102,,,3090814.56,166.37
2023-09-28,106490750,,,47431595.26,445.41
2021-09-17,31723593,,,19117262.21,602.62
2023-10-25,114956585,,,53156360.77,462.4
2021-01-20,7523531,,,6908177.56,918.21
2025-05-20,205182823,204260885.0,921938.0,116748316.6,569.0
2023-11-09,136903781,136728910.0,174871.0,57583869.85,420.62
2023-05-11,94384770,,,41089144.46,435.34
2024-07-18,148468482,148266094.0,202388.0,65552967.1,441.53
2021-04-04,5706667,,,1398379.61,245.04
2023-07-19,96464512,,,41501922.13,430.23
2023-03-07,102523520,,,50353444.53,491.14
2022-12-20,104082891,,,60309342.58,579.44
2024-08-11,115075594,114995669.0,79925.0,14166308.82,123.1
2021-06-17,20392133,,,12534104.69,614.65
2022-08-28,34871507,,,4417766.62,126.69
2021-01-30,5181591,,,1685627.51,325.31
2022-10-09,45753063,,,7081410.97,154.77
2026-01-01,131521508,130903540.0,617968.0,18688602.87,142.1
2025-12-21,194572808,194079159.0,493649.0,25855181.68,132.88
2022-11-11,82702715,,,41380186.64,500.35
2024-02-22,130581791,130441704.0,140087.0,50678248.83,388.1
2025-02-15,183974118,183756252.0,217866.0,28295319.76,153.8
2022-09-30,83434109,,,49459526.66,592.8
2021-06-09,24444552,,,14986128.38,613.07
2023-12-03,99222325,99141543.0,80782.0,12320511.48,124.17
2023-06-16,102279676,,,46297616.26,452.66
2021-03-31,14662738,,,12545432.2,855.6
2025-06-22,141238323,141162587.0,75736.0,15998238.16,113.27
2024-11-25,164171484,163818907.0,352577.0,101026755.62,615.37
2022-08-02,62316149,,,33052543.83,530.4
2023-06-14,90475999,,,40934688.1,452.44
2024-02-26,124834558,124650382.0,184176.0,65317617.15,523.23
2025-08-27,190420162,189482650.0,937512.0,88151760.38,462.93
2022-09-08,77480746,,,40672563.76,524.94
2024-02-18,93226833,93179529.0,47304.0,10493802.7,112.56
2025-07-24,182278472,181954186.0,324286.0,80257494.55,440.3
2023-01-10,83932754,,,47790860.62,569.39
2022-05-19,48678600,,,24729227.49,508.01
2021-02-24,8775564,,,7043316.22,802.61
2021-09-20,32761418,,,24455083.09,746.46
2021-03-27,7836423,,,2137868.73,272.81
2025-12-18,232591256,231828211.0,763045.0,125638096.49,540.17
2023-02-06,96624970,,,57226678.29,592.26
2022-06-27,50602618,,,33221775.32,656.52
2024-04-03,144555491,144043010.0,512481.0,63694405.63,440.62
2025-07-01,211863041,211241601.0,621440.0,115909162.68,547.09
2025-02-10,200726333,200021521.0,704812.0,122778087.99,611.67
2024-04-26,152915366,152745190.0,170176.0,64591692.78,422.4
2023-02-04,80574247,,,15674494.13,194.53
2024-05-29,157863958,157226440.0,637518.0,81918429.09,518.92
2024-01-16,123820291,123684890.0,135401.0,55530419.61,448.48
2023-04-07,71038974,,,15076827.79,212.23
2025-07-27,138086394,138002116.0,84278.0,15077132.71,109.19
2024-11-17,116184203,116074391.0,109812.0,13330198.0,114.73
2024-03-05,158295745,157914469.0,381276.0,79175601.82,500.18
2022-04-18,48535765,,,37275827.44,768.01
2023-07-18,94993401,,,42736432.83,449.89
2024-01-19,145036747,144788631.0,248116.0,63470010.63,437.61
2023-10-03,119541463,,,54045897.03,452.11
2025-05-17,188934309,188813475.0,120834.0,27839913.67,147.35
2022-09-07,54708931,,,11791554.29,215.53
2024-10-22,161027052,160854742.0,172310.0,70280312.61,436.45
2020-12-06,1726674,,,595987.8,345.17
2023-12-10,102029113,101878840.0,150273.0,14437563.32,141.5
2021-03-29,10731951,,,9803980.57,913.53
2025-09-04,215018033,214535830.0,482203.0,105035911.72,488.5
2025-04-19,174080945,173985703.0,95242.0,22655582.39,130.14
2024-10-16,161496807,160712798.0,784009.0,73038279.23,452.26
2025-10-31,240319775,239299575.0,1020200.0,130846112.44,544.47
2025-05-21,192934680,192193093.0,741587.0,83134856.47,430.9
2022-09-06,87700317,,,48995437.53,558.67
2022-01-10,46294620,,,32704565.82,706.44
2024-03-21,143213138,143050341.0,162797.0,61434970.15,428.98
2023-01-29,45213021,,,5641789.38,124.78
2023-11-03,131220742,130935235.0,285507.0,62009828.84,472.56
2020-11-04,2629,,,336.37,127.94
2022-09-05,73396711,,,48802926.37,664.92
2024-02-20,146307905,145946169.0,361736.0,73147448.79,499.96
2022-04-16,39135655,,,6513227.82,166.43
2023-06-18,60671219,,,7106448.45,117.13
2021-07-10,21539922,,,5101579.16,236.84
2022-07-04,59032175,,,38086814.65,645.19
2025-07-25,201504775,200986407.0,518368.0,107069722.97,531.35
2025-05-18,139109746,139030270.0,79476.0,15743410.36,113.17
2024-09-12,161725690,161518723.0,206967.0,66818288.08,413.16
2023-11-26,84828996,84789258.0,39738.0,9448066.33,111.38
2022-12-15,88284730,,,48236777.32,546.38
2025-04-16,200234072,199458119.0,775953.0,92620087.79,462.56
2020-11-29,1264607,,,437297.85,345.8
2021-01-17,2477355,,,691626.36,279.18
2024-06-03,160183964,159819472.0,364492.0,90989673.29,568.03
2021-05-30,10505461,,,2131624.04,202.91
2022-08-27,54206723,,,9419850.03,173.78
2024-10-15,169963922,169479223.0,484699.0,94737011.92,557.39
